product_id,product_category_name,month_year,qty,total_price,freight_price,unit_price,product_name_length,product_description_length,product_photos_qty,product_weight_g,product_score,customers,weekday,weekend,holiday,month,year,s,volume,comp_1,comp_2,comp_3,ps1,ps2,ps3,fp1,fp2,fp3,lag_price
prod_001,electronics,2017-01,15,1783.95,29.56,118.93,48,632,2,1316,2.6,121,0,1,0,1,2017,0.8,3848,124.45,128.18,127.18,0.9556,0.9278,0.9351,28.61,29.11,28.25,123.32
prod_001,electronics,2017-01,38,4571.78,18.91,120.31,60,544,2,518,2.7,59,0,1,1,1,2017,0.8,8055,116.75,110.11,107.28,1.0305,1.0926,1.1215,18.6,16.78,20.51,118.93
prod_002,electronics,2017-01,18,3348.54,36.85,186.03,32,446,4,487,4.6,453,0,1,1,1,2017,0.8,45336,199.52,176.98,182.3,0.9324,1.0511,1.0205,32.57,34.27,40.07,188.78
prod_003,clothing,2017-01,34,1216.52,12.26,35.78,41,266,2,755,3.1,26,1,0,0,1,2017,0.8,2299,31.24,41.1,36.97,1.1453,0.8706,0.9678,13.33,11.2,12.26,37.16
prod_003,clothing,2017-01,15,525.0,11.67,35.0,28,482,6,674,3.6,308,0,1,1,1,2017,0.8,4915,32.44,41.27,35.62,1.0789,0.8481,0.9826,9.76,10.08,10.76,35.78
prod_004,clothing,2017-01,40,2058.8,19.59,51.47,43,178,7,716,4.7,394,0,1,0,1,2017,0.8,694,45.76,50.26,51.6,1.1248,1.0241,0.9975,23.15,21.8,18.66,51.47
prod_005,home_garden,2017-01,42,2460.78,22.21,58.59,52,262,7,1752,4.9,482,1,0,1,1,2017,0.8,27504,56.45,48.45,66.26,1.0379,1.2093,0.8842,25.57,24.42,21.35,56.0
prod_001,electronics,2017-02,12,1457.04,39.47,121.42,34,331,7,1290,3.7,291,0,1,0,2,2017,0.75,26094,128.99,141.72,137.3,0.9413,0.8568,0.8843,43.5,41.72,41.15,120.31
prod_002,electronics,2017-02,22,3886.96,17.88,176.68,43,385,6,1684,2.5,372,1,0,1,2,2017,0.75,3378,206.17,199.55,158.86,0.857,0.8854,1.1122,16.01,18.79,16.86,186.03
prod_003,clothing,2017-02,48,1396.32,10.09,29.09,31,316,5,199,3.7,383,0,1,0,2,2017,0.75,4031,31.31,24.49,31.32,0.9291,1.1878,0.9288,11.3,8.91,9.47,35.0
prod_004,clothing,2017-02,15,568.05,16.49,37.87,23,396,2,713,4.9,484,1,0,1,2,2017,0.75,1402,37.58,37.62,42.17,1.0077,1.0066,0.898,19.14,14.83,14.85,51.47
prod_004,clothing,2017-02,24,1215.6,16.87,50.65,43,369,3,898,3.0,121,0,1,0,2,2017,0.75,5152,53.32,51.42,54.8,0.9499,0.985,0.9243,13.88,17.3,16.88,37.87
prod_005,home_garden,2017-02,12,658.32,23.58,54.86,31,471,4,2426,3.9,30,1,0,0,2,2017,0.75,29461,57.84,55.31,62.12,0.9485,0.9919,0.8831,20.79,25.11,22.35,58.59
prod_001,electronics,2017-03,15,1809.3,8.31,120.62,33,275,6,1472,3.0,145,0,1,0,3,2017,0.85,19448,117.26,101.9,114.1,1.0287,1.1837,1.0571,7.6,8.16,8.38,121.42
prod_001,electronics,2017-03,38,5544.58,8.92,145.91,39,306,3,1873,3.2,465,0,1,0,3,2017,0.85,19173,129.49,148.71,139.13,1.1268,0.9812,1.0487,9.29,9.5,8.39,120.62
prod_002,electronics,2017-03,7,1476.79,36.34,210.97,25,491,5,1433,4.1,144,0,1,0,3,2017,0.85,4889,211.95,226.59,217.6,0.9954,0.9311,0.9695,30.7,41.19,37.73,176.68
prod_004,clothing,2017-03,34,1697.28,28.72,49.92,33,227,7,965,3.1,62,1,0,0,3,2017,0.85,926,52.21,56.65,57.06,0.9561,0.8812,0.8749,31.59,32.39,27.21,50.65
prod_005,home_garden,2017-03,32,1822.4,26.53,56.95,36,261,8,3872,2.8,456,0,1,0,3,2017,0.85,19263,57.79,50.79,64.24,0.9855,1.1213,0.8865,24.93,29.08,28.5,54.86
prod_005,home_garden,2017-03,24,1366.32,28.63,56.93,48,440,6,2786,4.2,441,0,1,0,3,2017,0.85,26012,59.07,65.93,51.87,0.9638,0.8635,1.0976,34.02,25.87,31.28,56.95
prod_001,electronics,2017-04,38,5082.12,12.2,133.74,38,245,7,1380,3.6,276,1,0,0,4,2017,0.9,7228,138.88,144.3,144.48,0.963,0.9268,0.9257,13.03,11.7,11.15,145.91
prod_002,electronics,2017-04,20,4251.8,31.24,212.59,37,452,5,1972,3.0,350,1,0,0,4,2017,0.9,23376,231.1,243.42,222.41,0.9199,0.8733,0.9558,28.75,31.69,28.12,210.97
prod_003,clothing,2017-04,35,1346.1,22.07,38.46,45,476,3,623,4.1,155,1,0,0,4,2017,0.9,4376,41.21,36.18,42.34,0.9333,1.063,0.9084,24.29,23.21,20.85,29.09
prod_005,home_garden,2017-04,32,2052.8,30.01,64.15,43,384,4,2092,2.9,362,0,1,0,4,2017,0.9,28164,71.39,70.39,58.3,0.8986,0.9114,1.1003,29.11,27.09,32.76,56.93
prod_001,electronics,2017-05,31,4643.49,32.1,149.79,40,653,6,1344,4.5,466,1,0,0,5,2017,0.95,20511,156.04,171.21,161.89,0.9599,0.8749,0.9253,31.77,29.78,30.48,133.74
prod_001,electronics,2017-05,17,2445.79,18.04,143.87,39,440,4,358,3.3,467,0,1,0,5,2017,0.95,24381,129.26,129.95,153.56,1.113,1.1071,0.9369,19.53,15.68,17.71,149.79
prod_002,electronics,2017-05,10,1772.1,41.75,177.21,40,156,8,2658,3.2,209,1,0,0,5,2017,0.95,26928,176.62,193.0,182.08,1.0033,0.9182,0.9733,43.47,38.25,39.41,212.59
prod_002,electronics,2017-05,29,6492.52,41.29,223.88,44,696,3,2214,4.8,313,0,1,0,5,2017,0.95,10364,192.42,235.39,205.22,1.1635,0.9511,1.0909,40.66,35.72,40.29,177.21
prod_003,clothing,2017-05,39,1505.79,11.98,38.61,20,483,6,183,2.6,497,1,0,0,5,2017,0.95,4352,43.38,40.72,41.84,0.89,0.9482,0.9228,14.13,10.9,10.83,38.46
prod_004,clothing,2017-05,22,1189.32,25.84,54.06,41,178,3,321,4.9,65,1,0,0,5,2017,0.95,5563,56.85,62.0,53.05,0.9509,0.8719,1.019,30.4,23.5,26.32,49.92
prod_005,home_garden,2017-05,17,1086.81,27.61,63.93,45,399,8,836,3.4,269,1,0,1,5,2017,0.95,25754,63.74,63.7,63.74,1.003,1.0036,1.003,26.09,30.85,27.39,64.15
prod_001,electronics,2017-06,38,5330.64,34.87,140.28,56,474,4,1152,4.6,435,1,0,0,6,2017,1.0,15272,132.93,137.8,151.87,1.0553,1.018,0.9237,35.84,36.63,33.73,143.87
prod_002,electronics,2017-06,24,5080.08,46.53,211.67,25,679,6,1431,2.7,378,1,0,0,6,2017,1.0,38424,221.05,191.88,213.48,0.9576,1.1031,0.9915,50.47,45.81,42.04,223.88
prod_003,clothing,2017-06,39,1685.58,18.99,43.22,31,459,5,535,3.2,138,0,1,0,6,2017,1.0,3209,47.65,40.35,46.7,0.907,1.0711,0.9255,22.41,20.07,17.82,38.61
prod_003,clothing,2017-06,42,1856.4,20.68,44.2,29,216,4,202,2.9,17,0,1,0,6,2017,1.0,2090,48.52,38.26,39.44,0.911,1.1553,1.1207,17.0,19.39,22.52,43.22
prod_004,clothing,2017-06,33,2109.03,18.22,63.91,30,364,2,338,4.6,215,1,0,0,6,2017,1.0,1020,67.23,68.2,58.86,0.9506,0.9371,1.0858,20.49,20.67,16.71,54.06
prod_004,clothing,2017-06,19,1051.65,26.19,55.35,36,272,6,539,5.0,166,0,1,0,6,2017,1.0,4290,58.06,46.59,63.06,0.9533,1.188,0.8777,21.99,28.25,26.85,63.91
prod_005,home_garden,2017-06,31,2074.21,18.7,66.91,29,298,5,4349,4.3,369,1,0,0,6,2017,1.0,22087,58.54,60.49,63.66,1.143,1.1061,1.0511,20.88,19.2,19.84,63.93
prod_005,home_garden,2017-06,14,1022.0,31.62,73.0,29,264,5,1665,4.0,432,0,1,0,6,2017,1.0,7679,76.59,67.44,66.69,0.9531,1.0824,1.0946,34.01,33.51,34.42,66.91
prod_001,electronics,2017-07,22,3750.56,31.63,170.48,37,789,6,252,4.9,401,1,0,1,7,2017,1.05,3992,147.31,186.21,171.68,1.1573,0.9155,0.993,33.55,35.58,29.62,140.28
prod_001,electronics,2017-07,7,1034.53,25.04,147.79,40,307,8,1036,2.9,220,0,1,0,7,2017,1.05,11921,140.53,171.48,162.52,1.0517,0.8618,0.9094,25.54,24.7,24.11,170.48
prod_002,electronics,2017-07,47,8281.87,26.79,176.21,41,520,10,522,4.1,399,0,1,1,7,2017,1.05,14293,157.86,162.76,196.97,1.1162,1.0826,0.8946,26.63,23.0,27.49,211.67
prod_003,clothing,2017-07,16,817.76,31.19,51.11,50,160,3,216,3.7,376,0,1,0,7,2017,1.05,4280,50.88,50.79,51.49,1.0045,1.0063,0.9926,30.65,27.86,29.26,44.2
prod_004,clothing,2017-07,28,1983.8,15.98,70.85,30,121,4,956,4.3,438,1,0,0,7,2017,1.05,4759,72.36,61.89,72.65,0.9791,1.1448,0.9752,14.99,16.23,16.12,55.35
prod_004,clothing,2017-07,21,1293.18,21.5,61.58,23,282,7,389,3.7,477,0,1,0,7,2017,1.05,3965,60.66,65.21,67.84,1.0152,0.9443,0.9077,25.64,21.47,19.51,70.85
prod_005,home_garden,2017-07,31,2416.76,32.26,77.96,41,515,4,625,2.7,410,1,0,1,7,2017,1.05,12447,85.17,82.17,86.53,0.9153,0.9488,0.901,36.81,35.74,31.49,73.0
prod_001,electronics,2017-08,8,1218.08,17.08,152.26,37,292,5,1601,4.9,399,1,0,0,8,2017,1.0,10416,175.92,149.17,162.52,0.8655,1.0207,0.9369,19.84,14.75,18.09,147.79
prod_002,electronics,2017-08,17,3360.9,16.7,197.7,52,541,6,623,3.7,308,0,1,0,8,2017,1.0,41943,199.95,180.19,187.61,0.9887,1.0972,1.0538,13.42,18.23,18.04,176.21
prod_002,electronics,2017-08,28,6450.92,53.27,230.39,55,584,7,1525,3.6,164,0,1,0,8,2017,1.0,43873,211.9,220.83,232.8,1.0873,1.0433,0.9896,47.67,54.42,54.07,197.7
prod_003,clothing,2017-08,6,260.58,28.25,43.43,44,217,6,608,4.5,122,1,0,0,8,2017,1.0,2844,46.35,46.21,46.67,0.937,0.9398,0.9306,30.05,31.12,28.97,51.11
prod_004,clothing,2017-08,15,811.65,8.64,54.11,45,332,3,452,3.0,412,1,0,0,8,2017,1.0,3276,64.39,54.71,60.96,0.8403,0.989,0.8876,9.78,8.01,9.2,61.58
prod_005,home_garden,2017-08,10,685.3,10.49,68.53,55,591,7,2348,3.4,414,1,0,0,8,2017,1.0,29044,64.59,59.24,67.13,1.061,1.1568,1.0209,11.53,9.74,10.24,77.96
prod_001,electronics,2017-09,50,6011.5,18.51,120.23,50,264,7,1449,4.6,475,1,0,0,9,2017,0.9,8253,107.11,100.55,107.01,1.1225,1.1957,1.1235,22.18,16.38,17.53,152.26
prod_002,electronics,2017-09,37,8185.51,28.19,221.23,45,251,10,932,4.0,490,1,0,1,9,2017,0.9,29189,216.74,216.72,251.46,1.0207,1.0208,0.8798,32.2,24.8,29.24,230.39
prod_003,clothing,2017-09,15,582.15,28.63,38.81,41,208,6,565,4.9,35,1,0,1,9,2017,0.9,1250,34.7,39.71,34.87,1.1184,0.9773,1.113,31.67,26.11,27.0,43.43
prod_004,clothing,2017-09,15,813.9,31.47,54.26,47,209,2,703,4.2,23,0,1,1,9,2017,0.9,2653,61.09,56.0,47.98,0.8882,0.9689,1.1309,28.52,27.95,30.97,54.11
prod_004,clothing,2017-09,30,1750.2,19.72,58.34,38,233,6,261,2.6,411,0,1,0,9,2017,0.9,4302,63.04,54.17,61.47,0.9254,1.077,0.9491,16.02,22.67,21.09,54.26
prod_005,home_garden,2017-09,35,1850.45,21.7,52.87,36,499,8,1038,4.0,374,1,0,0,9,2017,0.9,11270,54.76,51.99,55.17,0.9655,1.0169,0.9583,18.22,23.01,23.23,68.53
prod_001,electronics,2017-10,22,3194.84,22.92,145.22,42,625,7,1894,2.7,228,1,0,0,10,2017,0.95,15860,136.39,168.93,154.72,1.0647,0.8596,0.9386,22.68,20.11,21.02,120.23
prod_002,electronics,2017-10,42,8946.84,33.52,213.02,36,583,3,800,4.9,317,1,0,0,10,2017,0.95,28922,188.79,213.59,196.36,1.1283,0.9973,1.0848,33.28,37.01,32.52,221.23
prod_003,clothing,2017-10,44,1904.76,29.79,43.29,39,436,4,736,2.6,149,1,0,0,10,2017,0.95,715,41.48,40.79,38.17,1.0436,1.0613,1.1341,34.2,30.38,29.2,38.81
prod_003,clothing,2017-10,39,1645.02,11.26,42.18,30,180,4,529,3.3,176,0,1,0,10,2017,0.95,4216,47.32,43.21,38.09,0.8914,0.9762,1.1074,9.24,10.1,11.53,43.29
prod_004,clothing,2017-10,25,1302.25,11.74,52.09,33,340,2,674,3.2,357,1,0,0,10,2017,0.95,1532,53.88,48.5,48.94,0.9668,1.074,1.0644,14.01,10.17,11.05,58.34
prod_005,home_garden,2017-10,39,2567.76,26.5,65.84,40,452,8,1939,3.1,296,1,0,0,10,2017,0.95,11466,74.54,55.7,73.26,0.8833,1.182,0.8987,21.65,22.67,28.73,52.87
prod_001,electronics,2017-11,7,1182.23,24.16,168.89,55,671,8,865,4.2,195,0,1,0,11,2017,1.15,6631,157.94,174.29,172.52,1.0693,0.969,0.979,23.15,22.78,23.38,145.22
prod_002,electronics,2017-11,24,6509.52,28.33,271.23,32,255,5,2943,3.1,98,1,0,0,11,2017,1.15,11679,292.77,239.71,295.28,0.9264,1.1315,0.9186,28.26,30.49,29.8,213.02
prod_003,clothing,2017-11,20,958.6,9.94,47.93,34,423,4,169,4.5,312,0,1,0,11,2017,1.15,4341,45.95,47.1,42.91,1.0431,1.0176,1.117,11.26,8.68,10.66,42.18
prod_004,clothing,2017-11,7,435.19,18.34,62.17,42,216,4,979,4.0,266,0,1,1,11,2017,1.15,5283,55.1,71.1,60.47,1.1283,0.8744,1.0281,19.91,18.37,17.14,52.09
prod_005,home_garden,2017-11,25,1918.75,32.32,76.75,52,353,8,3673,4.0,414,1,0,1,11,2017,1.15,29789,74.09,78.35,75.55,1.0359,0.9796,1.0159,29.11,35.73,35.32,65.84
prod_001,electronics,2017-12,14,2478.42,45.91,177.03,42,332,6,1630,4.3,53,1,0,1,12,2017,1.3,22696,199.53,196.99,187.82,0.8872,0.8987,0.9426,51.95,49.2,47.61,168.89
prod_001,electronics,2017-12,20,3701.0,10.33,185.05,60,419,4,832,4.9,258,0,1,1,12,2017,1.3,6906,222.06,162.06,177.62,0.8333,1.1419,1.0418,11.52,10.35,10.41,177.03
prod_002,electronics,2017-12,18,5400,20.21,300,49,319,10,1040,2.6,196,1,0,1,12,2017,1.3,47406,301.64,276.77,324.63,0.9946,1.0839,0.9241,19.8,20.42,19.44,271.23
prod_003,clothing,2017-12,34,1728.56,17.85,50.84,36,370,5,388,4.9,428,0,1,0,12,2017,1.3,3628,58.75,42.64,51.34,0.8654,1.1923,0.9903,16.93,20.18,18.6,47.93
prod_004,clothing,2017-12,30,2400,11.13,80,29,350,4,597,4.8,222,0,1,0,12,2017,1.3,1351,74.6,94.24,78.5,1.0724,0.8489,1.0191,9.03,12.57,11.89,62.17
prod_004,clothing,2017-12,15,1183.05,32.56,78.87,46,360,5,633,4.0,473,0,1,1,12,2017,1.3,1736,74.1,88.38,81.09,1.0644,0.8924,0.9726,35.52,32.83,30.03,80
prod_005,home_garden,2017-12,32,2549.44,8.75,79.67,28,503,7,4594,3.9,377,0,1,0,12,2017,1.3,38130,84.86,72.23,79.07,0.9388,1.103,1.0076,9.33,7.66,9.58,76.75
prod_005,home_garden,2017-12,30,2473.5,22.71,82.45,29,505,6,3698,5.0,139,0,1,0,12,2017,1.3,33810,80.39,69.61,77.92,1.0256,1.1845,1.0581,24.14,20.01,23.08,79.67
prod_001,electronics,2018-01,48,5519.04,38.77,114.98,35,338,2,1180,4.3,493,1,0,1,1,2018,0.8,21700,99.5,102.54,102.48,1.1556,1.1213,1.122,45.49,38.95,42.56,185.05
prod_002,electronics,2018-01,12,2212.8,42.89,184.4,28,526,9,1659,4.7,390,1,0,0,1,2018,0.8,19905,178.62,163.61,196.73,1.0324,1.1271,0.9373,40.61,46.72,40.89,300
prod_003,clothing,2018-01,26,1002.82,13.63,38.57,41,251,4,181,3.6,377,1,0,0,1,2018,0.8,3186,37.53,32.22,43.0,1.0277,1.1971,0.897,12.83,15.67,13.02,50.84
prod_004,clothing,2018-01,17,791.18,29.65,46.54,43,344,2,296,2.8,130,1,0,1,1,2018,0.8,5577,45.8,47.67,48.56,1.0162,0.9763,0.9584,31.77,33.64,28.89,78.87
prod_004,clothing,2018-01,38,1697.08,13.81,44.66,25,133,7,435,3.0,275,0,1,1,1,2018,0.8,2644,46.74,40.83,42.44,0.9555,1.0938,1.0523,13.51,15.87,13.22,46.54
prod_005,home_garden,2018-01,35,2104.9,32.45,60.14,50,213,7,3118,3.9,466,0,1,1,1,2018,0.8,25768,66.05,64.47,55.75,0.9105,0.9328,1.0787,30.65,29.77,35.6,82.45
prod_005,home_garden,2018-01,37,2129.72,20.71,57.56,53,462,4,3522,4.0,54,0,1,1,1,2018,0.8,33631,56.95,62.06,58.09,1.0107,0.9275,0.9909,19.97,20.15,21.02,60.14
prod_001,electronics,2018-02,19,1974.48,34.28,103.92,50,386,8,1797,4.9,231,1,0,0,2,2018,0.75,19065,118.57,104.6,99.98,0.8764,0.9935,1.0394,29.64,38.75,32.4,114.98
prod_001,electronics,2018-02,13,1394.9,15.38,107.3,38,328,7,1500,3.3,283,0,1,1,2,2018,0.75,19049,115.28,110.85,111.25,0.9308,0.968,0.9645,13.36,15.95,16.62,103.92
prod_002,electronics,2018-02,25,4298.25,33.52,171.93,44,181,10,2643,4.7,289,0,1,0,2,2018,0.75,29301,175.2,190.79,183.1,0.9813,0.9011,0.939,30.8,29.23,30.57,184.4
prod_002,electronics,2018-02,19,3025.75,20.21,159.25,37,283,8,1607,3.8,64,0,1,1,2,2018,0.75,24634,161.36,145.92,150.8,0.9869,1.0914,1.056,16.95,18.94,19.74,171.93
prod_003,clothing,2018-02,33,1179.42,10.37,35.74,36,339,5,263,4.7,264,0,1,0,2,2018,0.75,4581,36.7,41.74,33.53,0.9738,0.8563,1.0659,9.76,8.97,10.36,38.57
prod_004,clothing,2018-02,47,1831.59,9.17,38.97,46,326,4,420,2.6,36,1,0,1,2,2018,0.75,3596,40.67,32.99,39.6,0.9582,1.1813,0.9841,10.14,8.56,10.07,44.66
prod_005,home_garden,2018-02,41,1949.96,20.0,47.56,34,488,7,3495,3.5,30,0,1,1,2,2018,0.75,12454,45.97,47.11,47.72,1.0346,1.0096,0.9966,20.85,20.09,19.31,57.56
prod_001,electronics,2018-03,27,3495.42,24.95,129.46,45,776,4,1243,3.7,18,1,0,0,3,2018,0.85,18443,140.57,151.83,134.33,0.921,0.8527,0.9637,27.91,26.64,25.89,107.3
prod_002,electronics,2018-03,16,3138.56,38.48,196.16,30,686,9,2690,2.9,358,0,1,0,3,2018,0.85,33486,206.05,210.32,182.73,0.952,0.9327,1.0735,37.57,37.54,37.81,159.25
prod_003,clothing,2018-03,11,363.55,22.27,33.05,37,266,5,631,3.8,170,1,0,0,3,2018,0.85,2198,33.41,33.44,33.96,0.9892,0.9883,0.9732,23.84,24.73,23.08,35.74
prod_004,clothing,2018-03,25,1381.75,12.12,55.27,44,226,7,454,4.3,172,1,0,0,3,2018,0.85,2967,57.82,63.92,59.41,0.9559,0.8647,0.9303,11.09,12.39,12.22,38.97
prod_005,home_garden,2018-03,6,366.48,14.04,61.08,42,515,5,1147,4.4,119,0,1,0,3,2018,0.85,25699,63.43,70.6,65.23,0.963,0.8652,0.9364,12.0,14.53,14.28,47.56
prod_001,electronics,2018-04,33,4466.88,19.46,135.36,51,340,2,1167,4.9,485,0,1,0,4,2018,0.9,4294,145.99,153.91,136.5,0.9272,0.8795,0.9916,20.63,20.95,18.63,129.46
prod_002,electronics,2018-04,6,1171.14,45.97,195.19,53,330,3,1017,5.0,213,1,0,0,4,2018,0.9,29386,178.64,212.69,217.74,1.0926,0.9177,0.8964,42.1,39.59,44.12,196.16
prod_003,clothing,2018-04,47,1728.19,17.61,36.77,34,239,3,237,4.5,179,0,1,0,4,2018,0.9,4630,37.16,33.56,34.21,0.9895,1.0956,1.0748,19.28,19.15,17.85,33.05
prod_004,clothing,2018-04,32,1973.44,15.12,61.67,27,191,5,560,3.3,137,0,1,0,4,2018,0.9,1381,60.7,60.49,58.72,1.016,1.0195,1.0502,14.09,15.49,15.34,55.27
prod_005,home_garden,2018-04,14,859.88,17.13,61.42,50,240,8,4616,4.8,161,1,0,0,4,2018,0.9,23380,56.95,71.53,61.98,1.0785,0.8587,0.991,16.82,19.64,16.7,61.08
prod_005,home_garden,2018-04,14,1003.1,27.49,71.65,42,450,8,1170,3.4,479,0,1,0,4,2018,0.9,37439,75.05,60.35,73.65,0.9547,1.1872,0.9728,27.55,28.09,25.56,61.42
prod_001,electronics,2018-05,13,1944.8,40.17,149.6,31,664,3,1112,3.8,243,1,0,0,5,2018,0.95,27499,162.39,139.27,132.53,0.9212,1.0742,1.1288,36.22,34.18,37.9,135.36
prod_001,electronics,2018-05,47,6078.51,40.97,129.33,31,493,5,341,2.9,79,0,1,0,5,2018,0.95,16468,154.22,136.12,128.49,0.8386,0.9501,1.0065,49.05,39.53,44.0,149.6
prod_002,electronics,2018-05,26,5252.26,14.82,202.01,41,280,6,2500,4.6,397,0,1,1,5,2018,0.95,27759,219.33,205.24,206.78,0.921,0.9843,0.9769,16.74,13.7,14.36,195.19
prod_003,clothing,2018-05,32,1549.76,21.49,48.43,26,134,2,116,4.0,238,1,0,0,5,2018,0.95,2471,41.99,52.62,47.88,1.1534,0.9204,1.0115,19.21,19.67,23.05,36.77
prod_004,clothing,2018-05,20,1223.4,21.61,61.17,29,274,3,941,5.0,276,0,1,1,5,2018,0.95,3226,53.3,71.05,68.36,1.1477,0.8609,0.8948,25.17,22.43,21.3,61.67
prod_004,clothing,2018-05,23,1588.38,27.87,69.06,35,196,4,476,3.4,396,0,1,0,5,2018,0.95,4010,64.53,62.23,76.76,1.0702,1.1098,0.8997,23.91,27.56,25.4,61.17
prod_005,home_garden,2018-05,29,1874.85,23.73,64.65,30,454,8,4184,4.6,36,0,1,0,5,2018,0.95,27318,68.6,73.35,60.18,0.9424,0.8814,1.0743,26.21,25.33,24.01,71.65
prod_001,electronics,2018-06,16,2481.12,43.04,155.07,54,690,3,440,4.2,370,0,1,0,6,2018,1.0,25473,181.48,157.98,168.93,0.8545,0.9816,0.918,40.99,43.47,41.83,129.33
prod_002,electronics,2018-06,33,8766.12,47.11,265.64,36,470,9,1611,2.6,452,0,1,0,6,2018,1.0,15312,239.36,242.76,300.81,1.1098,1.0942,0.8831,48.6,45.95,43.84,202.01
prod_003,clothing,2018-06,28,1135.4,12.2,40.55,34,186,4,600,2.9,378,1,0,0,6,2018,1.0,4518,37.08,46.23,46.53,1.0936,0.8771,0.8715,14.43,12.29,13.03,48.43
prod_004,clothing,2018-06,17,1085.62,8.39,63.86,28,378,5,304,3.4,326,1,0,0,6,2018,1.0,674,75.15,73.35,67.56,0.8498,0.8706,0.9452,6.76,8.47,8.24,69.06
prod_004,clothing,2018-06,19,1142.85,6.95,60.15,47,211,2,982,4.8,278,0,1,0,6,2018,1.0,4127,54.26,53.48,61.48,1.1086,1.1247,0.9784,7.83,6.46,6.81,63.86
prod_005,home_garden,2018-06,9,679.32,24.9,75.48,40,374,6,759,3.9,38,1,0,0,6,2018,1.0,9127,82.73,64.14,83.65,0.9124,1.1768,0.9023,26.34,23.64,27.28,64.65
prod_001,electronics,2018-07,38,6238.08,18.98,164.16,59,487,6,352,3.9,26,0,1,0,7,2018,1.05,23427,140.44,146.85,150.85,1.1689,1.1179,1.0882,21.41,20.81,20.61,155.07
prod_002,electronics,2018-07,30,7566.0,26.31,252.2,48,230,8,873,2.6,233,0,1,1,7,2018,1.05,47174,267.79,262.54,262.49,0.9418,0.9606,0.9608,31.24,24.94,27.02,265.64
prod_003,clothing,2018-07,15,669.9,22.75,44.66,22,495,6,776,3.2,136,1,0,1,7,2018,1.05,3613,40.37,48.06,46.94,1.1063,0.9293,0.9514,24.93,21.5,20.96,40.55
prod_003,clothing,2018-07,23,1078.47,8.7,46.89,33,329,6,189,3.9,218,0,1,1,7,2018,1.05,2035,41.33,47.81,48.82,1.1345,0.9808,0.9605,9.69,9.65,7.85,44.66
prod_004,clothing,2018-07,20,984.8,20.49,49.24,27,191,4,323,3.3,262,0,1,1,7,2018,1.05,3718,46.61,45.69,53.74,1.0564,1.0777,0.9163,19.35,23.22,21.4,60.15
prod_005,home_garden,2018-07,28,2112.04,16.04,75.43,42,351,6,3612,4.5,450,1,0,0,7,2018,1.05,24596,72.05,78.23,80.54,1.0469,0.9642,0.9366,15.91,14.49,15.71,75.48
prod_001,electronics,2018-08,20,3478.6,23.41,173.93,42,573,2,1872,4.8,112,1,0,0,8,2018,1.0,26751,181.06,185.31,178.89,0.9606,0.9386,0.9723,27.65,23.14,24.39,164.16
prod_002,electronics,2018-08,23,5470.09,40.41,237.83,34,397,7,870,4.1,376,1,0,0,8,2018,1.0,43506,233.54,233.47,247.69,1.0184,1.0187,0.9602,41.74,40.83,43.83,252.2
prod_003,clothing,2018-08,33,1699.5,21.22,51.5,44,227,4,187,2.9,323,0,1,0,8,2018,1.0,1395,61.5,54.79,50.88,0.8374,0.94,1.0122,23.36,24.18,20.92,46.89
prod_003,clothing,2018-08,41,1872.06,19.85,45.66,34,291,5,689,3.7,357,0,1,0,8,2018,1.0,2310,48.22,45.67,44.43,0.9469,0.9998,1.0277,16.08,17.5,19.52,51.5
prod_004,clothing,2018-08,33,2107.38,27.29,63.86,33,363,2,683,3.6,366,1,0,0,8,2018,1.0,4556,55.78,53.39,68.45,1.1449,1.1961,0.9329,22.08,26.01,25.16,49.24
prod_005,home_garden,2018-08,27,1733.4,21.4,64.2,53,387,8,4285,3.0,337,1,0,0,8,2018,1.0,18194,63.46,69.69,71.8,1.0117,0.9212,0.8942,20.97,20.95,19.28,75.43
prod_001,electronics,2018-09,37,5247.34,14.94,141.82,44,316,4,867,4.2,260,1,0,0,9,2018,0.9,7457,150.18,147.5,147.28,0.9443,0.9615,0.9629,14.03,16.49,15.29,173.93
prod_002,electronics,2018-09,13,2558.92,22.35,196.84,28,337,8,1277,4.2,271,1,0,0,9,2018,0.9,22013,206.91,191.39,199.08,0.9513,1.0285,0.9887,22.68,25.16,24.28,237.83
prod_002,electronics,2018-09,19,3963.78,23.07,208.62,26,517,3,2147,3.7,109,0,1,0,9,2018,0.9,42593,247.7,209.03,211.47,0.8422,0.998,0.9865,24.77,22.49,24.64,196.84
prod_003,clothing,2018-09,21,871.5,11.47,41.5,44,334,6,395,4.4,402,1,0,0,9,2018,0.9,1877,43.59,38.03,42.61,0.9521,1.0912,0.9739,13.72,11.61,12.06,45.66
prod_003,clothing,2018-09,37,1448.18,8.43,39.14,29,116,5,769,3.2,451,0,1,0,9,2018,0.9,2527,39.28,46.1,42.64,0.9964,0.849,0.9179,7.54,9.22,8.58,41.5
prod_004,clothing,2018-09,20,1126.0,27.26,56.3,40,299,6,974,3.2,285,0,1,0,9,2018,0.9,1086,53.62,57.77,64.02,1.05,0.9746,0.8794,27.42,30.53,28.98,63.86
prod_005,home_garden,2018-09,14,953.68,25.51,68.12,32,544,5,1587,4.6,399,1,0,1,9,2018,0.9,19362,61.29,71.37,71.49,1.1114,0.9545,0.9529,24.24,22.26,27.01,64.2
prod_001,electronics,2018-10,31,4254.44,40.48,137.24,30,295,7,870,4.9,335,1,0,0,10,2018,0.95,20069,133.86,115.67,140.57,1.0253,1.1865,0.9763,35.91,39.63,38.15,141.82
prod_002,electronics,2018-10,39,7555.47,40.88,193.73,28,620,3,498,2.8,449,0,1,0,10,2018,0.95,5010,195.62,228.03,192.86,0.9903,0.8496,1.0045,48.99,45.9,44.0,208.62
prod_003,clothing,2018-10,11,509.85,15.32,46.35,21,302,4,764,4.3,396,0,1,0,10,2018,0.95,1855,50.03,49.75,40.8,0.9264,0.9317,1.136,15.18,13.63,14.48,39.14
prod_005,home_garden,2018-10,12,882.0,19.9,73.5,30,554,3,2375,2.8,198,1,0,0,10,2018,0.95,28104,66.0,80.74,79.63,1.1136,0.9103,0.923,16.98,22.84,18.48,68.12
prod_002,electronics,2018-11,8,2024.48,53.0,253.06,39,372,4,2823,4.7,81,1,0,0,11,2018,1.15,46994,249.12,295.26,244.18,1.0158,0.8571,1.0364,45.36,49.45,48.59,193.73
prod_003,clothing,2018-11,15,809.4,11.57,53.96,26,482,5,721,3.2,37,1,0,0,11,2018,1.15,4674,50.39,51.74,51.0,1.0708,1.0429,1.058,12.21,10.08,12.47,46.35
prod_004,clothing,2018-11,33,2053.59,16.14,62.23,46,361,2,849,2.5,44,0,1,1,11,2018,1.15,2015,72.99,72.28,61.45,0.8526,0.861,1.0127,14.76,17.17,17.0,56.3
prod_005,home_garden,2018-11,8,627.44,15.59,78.43,53,259,7,4688,3.3,310,1,0,0,11,2018,1.15,16316,85.36,66.18,83.81,0.9188,1.1851,0.9358,17.02,17.21,14.21,73.5
prod_001,electronics,2018-12,11,2071.19,14.35,188.29,52,211,3,1649,3.7,187,1,0,0,12,2018,1.3,5496,207.55,165.72,172.15,0.9072,1.1362,1.0938,15.96,13.35,15.46,137.24
prod_003,clothing,2018-12,7,466.27,19.89,66.61,21,355,6,623,2.9,90,0,1,1,12,2018,1.3,3450,70.0,71.95,62.72,0.9516,0.9258,1.062,19.96,17.17,21.33,53.96
prod_003,clothing,2018-12,11,605.55,10.94,55.05,27,264,3,136,3.5,378,0,1,1,12,2018,1.3,3935,62.71,56.47,50.22,0.8779,0.9749,1.0962,11.7,9.47,10.33,66.61
prod_005,home_garden,2018-12,12,1216.2,17.4,101.35,39,282,5,4241,3.9,165,1,0,1,12,2018,1.3,3522,99.21,118.57,116.49,1.0216,0.8548,0.87,19.32,18.61,17.56,78.43
prod_001,electronics,2019-01,6,822.78,40.49,137.13,51,585,8,202,4.3,167,0,1,0,1,2019,0.8,25868,127.99,136.74,122.89,1.0714,1.0029,1.1159,48.54,43.06,37.19,188.29
prod_002,electronics,2019-01,9,1608.66,31.46,178.74,45,553,4,2370,4.0,41,1,0,0,1,2019,0.8,10749,166.74,163.36,172.49,1.072,1.0941,1.0362,35.25,33.35,32.94,253.06
prod_003,clothing,2019-01,17,662.49,9.69,38.97,34,260,5,268,2.8,193,1,0,1,1,2019,0.8,4182,37.33,35.67,35.56,1.0439,1.0925,1.0959,8.36,10.23,10.32,55.05
prod_003,clothing,2019-01,27,1159.65,9.68,42.95,32,362,2,354,4.2,143,0,1,0,1,2019,0.8,3414,39.12,49.94,47.71,1.0979,0.86,0.9002,9.9,9.83,8.9,38.97
prod_004,clothing,2019-01,22,1239.92,9.76,56.36,33,442,7,993,2.7,310,0,1,0,1,2019,0.8,3881,48.34,47.52,63.33,1.1659,1.186,0.8899,9.54,8.67,10.55,62.23
prod_004,clothing,2019-01,42,2072.28,7.5,49.34,48,322,5,737,2.6,359,0,1,0,1,2019,0.8,4148,48.05,56.59,47.08,1.0268,0.8719,1.048,7.34,6.71,7.67,56.36
prod_005,home_garden,2019-01,8,497.44,13.89,62.18,34,509,7,1624,3.1,420,1,0,1,1,2019,0.8,30474,61.18,66.96,62.77,1.0163,0.9286,0.9906,15.45,13.24,14.07,101.35
prod_001,electronics,2019-02,28,3223.64,9.72,115.13,41,798,3,1166,4.9,61,0,1,1,2,2019,0.75,18348,119.37,127.2,124.23,0.9645,0.9051,0.9267,10.75,11.03,9.87,137.13
prod_001,electronics,2019-02,28,2807.56,12.79,100.27,55,567,6,1413,2.6,368,0,1,1,2,2019,0.75,11420,105.15,87.35,113.91,0.9536,1.1479,0.8803,14.51,13.98,13.99,115.13
prod_002,electronics,2019-02,8,1512.64,30.21,189.08,54,356,5,302,3.4,100,1,0,0,2,2019,0.75,23740,182.13,156.54,196.34,1.0382,1.2079,0.963,35.25,32.7,32.3,178.74
prod_002,electronics,2019-02,35,6456.45,32.14,184.47,35,289,5,1678,4.3,233,0,1,0,2,2019,0.75,21776,218.82,194.38,171.01,0.843,0.949,1.0787,38.17,34.01,34.9,189.08
prod_003,clothing,2019-02,30,1085.7,8.91,36.19,47,494,6,101,2.6,318,1,0,0,2,2019,0.75,3707,38.51,38.01,32.86,0.9398,0.9521,1.1013,8.9,8.46,8.16,42.95
prod_004,clothing,2019-02,27,1446.39,17.66,53.57,29,154,4,421,3.1,65,1,0,1,2,2019,0.75,2317,53.75,52.02,49.55,0.9967,1.0298,1.0811,17.05,19.68,17.13,49.34
prod_005,home_garden,2019-02,25,1202.75,10.24,48.11,37,190,5,1103,3.2,63,0,1,1,2,2019,0.75,5189,47.22,52.13,49.44,1.0188,0.9229,0.9731,11.87,8.99,10.43,62.18
prod_001,electronics,2019-03,34,4711.04,13.78,138.56,36,394,5,407,4.2,379,1,0,0,3,2019,0.85,11849,143.97,146.57,133.06,0.9624,0.9454,1.0413,11.55,13.34,13.92,100.27
prod_001,electronics,2019-03,11,1468.17,18.16,133.47,49,691,3,1555,2.7,115,0,1,0,3,2019,0.85,21482,121.43,123.47,120.41,1.0992,1.081,1.1085,20.66,17.12,17.79,138.56
prod_002,electronics,2019-03,33,6102.03,23.84,184.91,33,600,10,2125,3.2,438,0,1,0,3,2019,0.85,4924,161.16,201.7,196.04,1.1474,0.9168,0.9432,19.89,22.72,24.04,184.47
prod_002,electronics,2019-03,33,5866.74,40.36,177.78,46,636,6,2014,3.7,50,0,1,0,3,2019,0.85,37095,175.68,200.43,158.11,1.012,0.887,1.1244,41.51,40.56,40.94,184.91
prod_003,clothing,2019-03,23,745.43,28.4,32.41,21,316,2,297,5.0,232,0,1,0,3,2019,0.85,1533,36.88,28.3,33.73,0.8788,1.1452,0.9609,26.35,30.33,30.15,36.19
prod_004,clothing,2019-03,2,112.46,26.56,56.23,38,334,2,788,3.5,85,1,0,0,3,2019,0.85,5413,59.26,65.64,51.0,0.9489,0.8566,1.1025,22.37,28.79,28.08,53.57
prod_005,home_garden,2019-03,44,2694.56,7.51,61.24,32,496,7,2756,4.2,215,0,1,0,3,2019,0.85,29409,71.12,57.53,57.82,0.8611,1.0645,1.0591,8.25,8.46,8.11,48.11
prod_001,electronics,2019-04,15,2068.8,41.31,137.92,39,653,8,666,4.6,147,1,0,0,4,2019,0.9,5403,146.44,117.53,137.82,0.9418,1.1735,1.0007,48.14,40.16,41.18,133.47
prod_002,electronics,2019-04,38,7884.24,26.62,207.48,25,327,6,2447,4.7,112,1,0,0,4,2019,0.9,39268,194.48,204.23,234.01,1.0668,1.0159,0.8866,28.8,24.81,28.34,177.78
prod_002,electronics,2019-04,5,1001.65,19.69,200.33,39,331,10,2302,4.0,189,0,1,0,4,2019,0.9,40931,194.42,224.68,190.28,1.0304,0.8916,1.0528,22.3,17.27,17.83,207.48
prod_003,clothing,2019-04,22,938.3,22.51,42.65,36,110,2,375,3.7,77,1,0,0,4,2019,0.9,3854,45.23,35.1,40.44,0.943,1.2151,1.0546,25.26,21.2,24.61,32.41
prod_004,clothing,2019-04,39,2112.63,14.03,54.17,34,419,2,683,2.5,349,1,0,0,4,2019,0.9,5708,61.96,55.37,56.35,0.8743,0.9783,0.9613,12.81,14.81,13.98,56.23
prod_005,home_garden,2019-04,30,1926.9,11.58,64.23,29,592,7,4737,3.5,173,1,0,0,4,2019,0.9,18748,70.81,67.82,73.82,0.9071,0.9471,0.8701,10.47,11.3,11.32,61.24
prod_001,electronics,2019-05,22,3415.28,33.26,155.24,45,567,6,1507,3.3,97,1,0,0,5,2019,0.95,26719,141.8,132.75,141.97,1.0948,1.1694,1.0935,30.05,36.34,35.01,137.92
prod_002,electronics,2019-05,24,5547.6,28.91,231.15,33,451,10,1657,4.6,250,0,1,0,5,2019,0.95,26358,243.43,241.19,232.88,0.9496,0.9584,0.9926,25.38,25.61,29.95,200.33
prod_003,clothing,2019-05,30,1528.2,16.54,50.94,24,261,3,683,4.4,259,1,0,0,5,2019,0.95,4248,48.89,42.83,51.04,1.0419,1.1894,0.998,14.62,17.9,16.79,42.65
prod_004,clothing,2019-05,32,2008.32,17.17,62.76,22,139,6,638,3.0,201,1,0,0,5,2019,0.95,3740,69.97,63.46,55.53,0.897,0.989,1.1302,13.76,18.37,16.23,54.17
prod_005,home_garden,2019-05,9,579.87,28.4,64.43,42,552,7,2942,4.0,182,1,0,0,5,2019,0.95,22059,57.78,75.94,65.23,1.1151,0.8484,0.9877,31.24,25.54,30.71,64.23
prod_005,home_garden,2019-05,12,876.96,12.59,73.08,33,243,5,679,4.3,415,0,1,1,5,2019,0.95,36071,84.54,66.66,74.86,0.8644,1.0963,0.9762,10.32,14.46,13.0,64.43
prod_002,electronics,2019-06,38,8055.24,39.22,211.98,46,159,7,1141,3.6,61,1,0,0,6,2019,1.0,47560,200.21,220.04,194.39,1.0588,0.9634,1.0905,44.41,34.57,40.94,231.15
prod_003,clothing,2019-06,21,999.39,26.78,47.59,42,309,4,306,2.9,290,1,0,0,6,2019,1.0,3432,43.91,55.01,46.13,1.0838,0.8651,1.0316,21.45,28.16,28.96,50.94
prod_003,clothing,2019-06,8,366.08,25.3,45.76,48,231,3,176,3.6,161,0,1,0,6,2019,1.0,1329,43.13,38.35,50.32,1.061,1.1932,0.9094,29.09,27.97,24.59,47.59
prod_004,clothing,2019-06,1,68.64,29.6,68.64,27,288,4,829,4.7,499,1,0,0,6,2019,1.0,5901,79.45,58.58,75.51,0.8639,1.1717,0.909,25.85,28.72,32.34,62.76
prod_004,clothing,2019-06,37,2037.59,22.93,55.07,25,187,7,966,4.3,492,0,1,0,6,2019,1.0,1966,63.08,47.21,62.01,0.873,1.1665,0.8881,22.77,23.4,22.65,68.64
prod_005,home_garden,2019-06,6,483.54,20.57,80.59,41,405,3,4498,2.7,345,1,0,0,6,2019,1.0,10401,88.37,85.75,87.62,0.912,0.9398,0.9198,21.2,20.97,22.54,73.08
prod_001,electronics,2019-07,17,2754.17,26.5,162.01,50,594,3,1559,4.6,295,1,0,0,7,2019,1.05,23160,138.37,187.34,164.68,1.1708,0.8648,0.9838,26.17,26.47,24.73,155.24
prod_002,electronics,2019-07,40,9448.8,38.97,236.22,27,620,10,1951,4.5,239,0,1,0,7,2019,1.05,17400,226.92,277.1,255.4,1.041,0.8525,0.9249,31.45,37.84,35.35,211.98
prod_003,clothing,2019-07,29,1583.11,20.68,54.59,50,274,4,770,4.6,428,0,1,0,7,2019,1.05,4237,57.1,56.94,55.01,0.956,0.9587,0.9924,21.98,22.02,19.08,45.76
prod_004,clothing,2019-07,12,864.36,21.7,72.03,23,204,5,532,2.9,377,1,0,0,7,2019,1.05,1470,67.64,64.15,65.73,1.0649,1.1228,1.0958,24.76,19.85,23.11,55.07
prod_005,home_garden,2019-07,11,932.03,29.1,84.73,49,481,7,4190,2.8,265,0,1,0,7,2019,1.05,32975,88.43,82.68,87.95,0.9582,1.0248,0.9634,34.04,31.55,31.49,80.59
prod_001,electronics,2019-08,24,4092.96,27.94,170.54,49,454,4,987,3.5,185,1,0,0,8,2019,1.0,14718,171.99,148.03,169.08,0.9916,1.1521,1.0086,30.18,30.02,26.82,162.01
prod_002,electronics,2019-08,13,3283.8,20.81,252.6,36,285,5,1490,3.8,365,1,0,0,8,2019,1.0,46997,277.51,276.31,260.64,0.9102,0.9142,0.9692,21.5,23.57,21.68,236.22
prod_003,clothing,2019-08,2,99.24,19.29,49.62,24,127,2,125,3.0,394,1,0,0,8,2019,1.0,3620,59.26,52.9,45.63,0.8373,0.938,1.0874,15.91,20.94,18.15,54.59
prod_004,clothing,2019-08,39,2215.98,28.63,56.82,39,319,3,910,3.8,417,1,0,0,8,2019,1.0,5901,54.02,60.18,64.22,1.0518,0.9442,0.8848,27.34,32.55,31.35,72.03
prod_005,home_garden,2019-08,35,2545.55,29.45,72.73,51,488,4,3512,4.4,109,0,1,0,8,2019,1.0,38822,66.34,77.51,67.67,1.0963,0.9383,1.0748,25.61,29.57,28.73,84.73
prod_005,home_garden,2019-08,20,1398.4,6.9,69.92,29,258,5,4320,4.0,406,0,1,0,8,2019,1.0,13145,82.25,72.83,74.03,0.8501,0.96,0.9445,6.87,7.05,6.7,72.73
prod_001,electronics,2019-09,40,5684.0,14.0,142.1,42,294,4,1312,3.1,119,1,0,1,9,2019,0.9,18597,135.39,165.14,148.77,1.0496,0.8605,0.9552,13.86,14.26,14.71,170.54
prod_001,electronics,2019-09,22,3259.96,40.2,148.18,37,240,7,1456,4.7,205,0,1,0,9,2019,0.9,21353,174.96,142.09,152.01,0.8469,1.0429,0.9748,36.71,45.16,42.79,142.1
prod_002,electronics,2019-09,17,4076.77,25.08,239.81,30,700,3,637,4.1,117,1,0,0,9,2019,0.9,8288,276.44,233.27,217.76,0.8675,1.028,1.1013,25.46,26.61,27.47,252.6
prod_003,clothing,2019-09,34,1430.72,23.41,42.08,22,127,3,138,4.5,295,0,1,0,9,2019,0.9,1216,49.19,40.68,42.16,0.8555,1.0344,0.9981,22.52,22.12,22.89,49.62
prod_005,home_garden,2019-09,8,523.84,16.13,65.48,37,582,8,4619,3.3,54,0,1,0,9,2019,0.9,9955,64.4,73.07,58.17,1.0168,0.8961,1.1257,13.91,14.77,16.93,69.92
prod_005,home_garden,2019-09,12,816.96,14.69,68.08,45,464,4,3556,2.8,12,0,1,0,9,2019,0.9,3730,67.26,69.24,61.48,1.0122,0.9832,1.1074,12.99,15.75,15.35,65.48
prod_001,electronics,2019-10,22,3364.46,15.68,152.93,55,780,8,571,2.6,394,1,0,0,10,2019,0.95,22986,183.21,150.8,157.27,0.8347,1.0141,0.9724,14.37,13.64,14.42,148.18
prod_002,electronics,2019-10,13,3054.22,23.28,234.94,35,647,10,585,3.3,347,1,0,0,10,2019,0.95,14681,247.73,240.48,229.87,0.9484,0.977,1.0221,21.57,22.78,20.97,239.81
prod_003,clothing,2019-10,17,649.23,22.14,38.19,34,328,4,439,4.4,259,1,0,0,10,2019,0.95,4431,34.81,39.66,42.29,1.0971,0.9629,0.9031,25.32,19.75,22.31,42.08
prod_004,clothing,2019-10,37,2223.7,22.93,60.1,40,327,6,982,3.0,28,1,0,0,10,2019,0.95,5366,62.52,70.89,60.55,0.9613,0.8478,0.9926,25.45,22.01,21.66,56.82
prod_004,clothing,2019-10,32,1883.84,19.44,58.87,33,377,2,242,4.2,444,0,1,0,10,2019,0.95,3850,69.9,69.08,62.68,0.8422,0.8522,0.9392,21.44,17.34,18.12,60.1
prod_005,home_garden,2019-10,29,2163.69,7.98,74.61,30,315,5,4494,3.1,352,0,1,0,10,2019,0.95,18187,87.12,70.88,75.12,0.8564,1.0526,0.9932,7.84,6.89,8.75,68.08
prod_001,electronics,2019-11,11,2117.17,32.52,192.47,42,587,4,1367,4.0,469,1,0,0,11,2019,1.15,6696,188.95,220.69,196.21,1.0186,0.8721,0.9809,30.61,36.11,32.43,152.93
prod_002,electronics,2019-11,8,2170.08,36.03,271.26,29,341,5,1450,3.4,377,1,0,0,11,2019,1.15,15861,269.93,254.68,247.01,1.0049,1.0651,1.0982,38.56,35.8,36.68,234.94
prod_003,clothing,2019-11,13,751.66,22.68,57.82,21,185,4,140,4.8,274,1,0,0,11,2019,1.15,1703,60.55,47.8,62.11,0.9549,1.2096,0.9309,24.15,21.21,20.8,38.19
prod_003,clothing,2019-11,10,624.6,12.32,62.46,45,398,3,520,4.1,271,0,1,1,11,2019,1.15,1669,68.92,58.92,62.61,0.9063,1.0601,0.9976,12.77,11.32,12.04,57.82
prod_004,clothing,2019-11,12,789.24,22.74,65.77,41,427,2,331,4.7,282,1,0,1,11,2019,1.15,4498,67.01,57.02,68.59,0.9815,1.1535,0.9589,25.72,25.45,23.99,58.87
prod_005,home_garden,2019-11,15,1374.6,34.66,91.64,39,481,8,4449,4.8,438,1,0,1,11,2019,1.15,27984,82.19,90.89,86.4,1.115,1.0083,1.0606,39.64,32.41,37.27,74.61
prod_001,electronics,2019-12,4,832.08,31.41,208.02,36,523,5,968,3.4,89,1,0,0,12,2019,1.3,22448,195.84,210.72,214.77,1.0622,0.9872,0.9686,32.82,36.04,30.77,192.47
prod_002,electronics,2019-12,29,8700,25.19,300,36,557,5,1556,4.6,347,0,1,1,12,2019,1.3,39856,337.23,348.52,272.12,0.8896,0.8608,1.1025,25.27,27.35,26.71,271.26
prod_003,clothing,2019-12,10,555.3,27.42,55.53,22,132,4,582,3.1,50,1,0,0,12,2019,1.3,4066,65.29,53.54,58.7,0.8505,1.0372,0.946,25.08,31.23,24.99,62.46
prod_003,clothing,2019-12,6,380.46,11.9,63.41,29,199,2,772,4.5,271,0,1,0,12,2019,1.3,4744,59.04,55.87,56.42,1.074,1.135,1.1239,10.66,10.12,11.08,55.53
prod_004,clothing,2019-12,33,2451.9,7.28,74.3,24,401,4,870,4.3,296,1,0,1,12,2019,1.3,1162,88.21,68.32,77.55,0.8423,1.0875,0.9581,6.39,8.22,7.39,65.77
prod_005,home_garden,2019-12,9,902.88,31.62,100.32,54,586,7,2611,3.1,236,1,0,0,12,2019,1.3,38252,112.31,109.62,114.32,0.8932,0.9152,0.8775,31.1,31.25,32.17,91.64
prod_005,home_garden,2019-12,14,1354.5,27.51,96.75,41,360,7,2383,3.8,368,0,1,0,12,2019,1.3,23691,90.64,82.57,102.74,1.0674,1.1717,0.9417,31.04,24.01,29.88,100.32
prod_001,electronics,2020-01,27,3354.75,24.29,124.25,53,447,8,608,3.2,127,0,1,1,1,2020,0.8,8695,132.51,108.86,112.92,0.9377,1.1414,1.1003,28.37,25.57,25.08,208.02
prod_002,electronics,2020-01,27,5483.43,29.92,203.09,40,337,7,2653,3.5,394,1,0,1,1,2020,0.8,20004,229.44,201.5,208.37,0.8852,1.0079,0.9747,29.95,28.97,31.04,300
prod_003,clothing,2020-01,7,235.48,21.59,33.64,30,285,6,488,4.7,105,1,0,1,1,2020,0.8,1325,34.14,35.01,32.93,0.9854,0.9609,1.0216,21.58,19.72,22.46,63.41
prod_004,clothing,2020-01,23,1191.4,26.8,51.8,47,240,6,888,3.6,205,0,1,0,1,2020,0.8,2811,57.42,51.3,45.72,0.9021,1.0097,1.133,25.96,23.86,28.91,74.3
prod_004,clothing,2020-01,45,2133.45,13.61,47.41,23,323,2,725,4.2,40,0,1,1,1,2020,0.8,5251,44.52,53.2,42.95,1.0649,0.8912,1.1038,14.94,12.63,13.23,51.8
prod_005,home_garden,2020-01,22,1223.42,21.14,55.61,52,325,5,4910,3.3,271,1,0,0,1,2020,0.8,14438,64.58,53.23,53.24,0.8611,1.0447,1.0445,22.25,18.89,19.73,96.75
prod_001,electronics,2020-02,10,1025.5,9.96,102.55,40,524,7,903,3.2,146,1,0,1,2,2020,0.75,8478,119.03,112.92,116.24,0.8615,0.9082,0.8822,10.95,10.02,9.86,124.25
prod_002,electronics,2020-02,14,2463.02,17.31,175.93,28,215,10,1926,3.9,23,1,0,0,2,2020,0.75,8750,210.87,150.84,184.18,0.8343,1.1663,0.9552,14.43,19.55,16.93,203.09
prod_002,electronics,2020-02,13,2258.36,14.25,173.72,26,515,8,998,4.7,249,0,1,0,2,2020,0.75,3872,180.53,159.49,173.74,0.9623,1.0892,0.9999,16.93,15.09,13.33,175.93
prod_003,clothing,2020-02,50,1628.5,13.02,32.57,37,216,2,455,3.6,197,1,0,1,2,2020,0.75,4445,27.8,32.84,35.33,1.1716,0.9918,0.9219,11.13,12.19,13.11,33.64
prod_004,clothing,2020-02,35,1599.85,20.81,45.71,39,311,3,965,3.5,297,1,0,1,2,2020,0.75,659,50.29,48.11,50.45,0.9089,0.9501,0.906,18.48,18.18,21.33,47.41
prod_005,home_garden,2020-02,47,2558.21,26.94,54.43,55,215,4,3882,2.8,66,1,0,0,2,2020,0.75,15320,51.45,56.84,50.66,1.0579,0.9576,1.0744,21.76,23.3,27.13,55.61
prod_001,electronics,2020-03,16,2101.92,11.27,131.37,36,550,5,230,3.3,419,1,0,0,3,2020,0.85,17173,128.74,140.68,116.73,1.0204,0.9338,1.1254,9.38,12.12,10.47,102.55
prod_001,electronics,2020-03,21,2616.39,14.35,124.59,56,590,8,1923,2.5,403,0,1,0,3,2020,0.85,9194,137.07,119.42,142.44,0.909,1.0433,0.8747,12.9,16.48,13.49,131.37
prod_002,electronics,2020-03,28,5663.84,47.72,202.28,48,193,4,949,3.1,336,0,1,0,3,2020,0.85,43232,197.46,169.66,214.42,1.0244,1.1923,0.9434,56.75,43.94,47.09,173.72
prod_003,clothing,2020-03,9,347.58,19.83,38.62,31,494,2,586,3.1,265,0,1,0,3,2020,0.85,1769,41.19,44.61,44.38,0.9376,0.8657,0.8702,20.82,17.21,20.4,32.57
prod_004,clothing,2020-03,37,2049.43,26.96,55.39,22,313,4,599,4.3,138,1,0,0,3,2020,0.85,2180,56.49,54.14,53.15,0.9805,1.0231,1.0421,29.08,24.45,25.27,45.71
prod_004,clothing,2020-03,42,2254.56,10.41,53.68,36,271,4,693,3.9,242,0,1,0,3,2020,0.85,1869,45.64,56.35,52.73,1.1762,0.9526,1.018,9.1,8.91,11.15,55.39
prod_005,home_garden,2020-03,30,1789.5,11.42,59.65,32,493,5,4575,3.3,338,1,0,0,3,2020,0.85,39140,52.71,63.06,53.2,1.1317,0.9459,1.1212,13.42,10.32,10.35,54.43
prod_001,electronics,2020-04,37,5030.52,26.06,135.96,38,250,4,1636,3.1,377,0,1,0,4,2020,0.9,20342,159.83,121.7,137.68,0.8507,1.1172,0.9875,30.12,22.78,27.63,124.59
prod_001,electronics,2020-04,36,4242.96,34.08,117.86,31,472,6,1826,2.6,46,0,1,0,4,2020,0.9,24213,134.6,99.95,110.59,0.8756,1.1792,1.0657,34.35,30.0,32.25,135.96
prod_002,electronics,2020-04,47,8131.0,37.27,173.0,49,516,10,2000,4.3,228,1,0,0,4,2020,0.9,8914,157.15,153.1,171.0,1.1009,1.13,1.0117,34.85,33.45,40.99,202.28
prod_003,clothing,2020-04,27,1241.19,16.29,45.97,46,471,4,748,4.0,298,1,0,0,4,2020,0.9,4027,45.11,46.8,49.7,1.0191,0.9823,0.9249,15.38,16.06,17.79,38.62
prod_005,home_garden,2020-04,9,667.8,15.09,74.2,55,341,3,2317,4.4,492,1,0,0,4,2020,0.9,17078,70.24,75.63,76.44,1.0564,0.9811,0.9707,17.66,13.53,13.69,59.65
prod_005,home_garden,2020-04,22,1541.76,13.04,70.08,46,384,7,2960,4.8,385,0,1,0,4,2020,0.9,9023,61.46,65.66,70.8,1.1403,1.0673,0.9898,12.98,14.6,13.57,74.2
prod_001,electronics,2020-05,26,4482.66,12.23,172.41,40,556,8,314,3.6,486,1,0,0,5,2020,0.95,26260,160.23,181.89,179.76,1.076,0.9479,0.9591,9.84,13.25,11.94,117.86
prod_003,clothing,2020-05,8,342.0,22.42,42.75,44,404,6,502,3.8,123,1,0,0,5,2020,0.95,4150,38.55,40.23,43.11,1.1089,1.0626,0.9916,24.62,22.74,21.36,45.97
prod_003,clothing,2020-05,16,642.72,17.55,40.17,32,433,6,302,3.0,325,0,1,0,5,2020,0.95,4496,41.52,36.44,38.24,0.9675,1.1024,1.0505,17.06,18.52,17.82,42.75
prod_004,clothing,2020-05,8,496.32,26.72,62.04,41,346,6,323,2.9,32,1,0,1,5,2020,0.95,3464,67.62,54.36,66.8,0.9175,1.1413,0.9287,22.29,28.64,25.35,53.68
prod_005,home_garden,2020-05,14,969.92,14.95,69.28,38,287,8,4359,3.8,114,1,0,0,5,2020,0.95,4490,72.2,72.35,79.53,0.9596,0.9576,0.8711,16.12,15.7,14.58,70.08
prod_001,electronics,2020-06,20,3338.2,11.12,166.91,32,597,7,1540,3.2,446,1,0,0,6,2020,1.0,1273,162.92,143.35,160.06,1.0245,1.1644,1.0428,12.83,10.74,12.19,172.41
prod_001,electronics,2020-06,29,4410.9,39.32,152.1,35,403,6,1288,4.9,297,0,1,0,6,2020,1.0,3884,178.6,125.9,144.01,0.8516,1.2081,1.0562,39.78,37.36,38.48,166.91
prod_002,electronics,2020-06,34,7600.02,22.27,223.53,33,546,3,553,4.9,495,0,1,0,6,2020,1.0,43011,201.87,255.49,236.35,1.1073,0.8749,0.9458,18.6,21.48,24.32,173.0
prod_003,clothing,2020-06,24,1147.92,28.74,47.83,37,167,3,437,4.1,307,1,0,0,6,2020,1.0,4179,54.05,54.07,46.08,0.8849,0.8846,1.038,31.1,28.95,26.64,40.17
prod_003,clothing,2020-06,13,647.53,14.18,49.81,50,468,2,670,3.0,439,0,1,0,6,2020,1.0,4866,57.67,53.88,54.13,0.8637,0.9245,0.9202,16.34,13.81,13.93,47.83
prod_004,clothing,2020-06,14,942.48,9.54,67.32,46,433,6,339,3.2,300,1,0,0,6,2020,1.0,814,71.27,60.8,59.72,0.9446,1.1072,1.1273,7.94,10.34,8.84,62.04
prod_005,home_garden,2020-06,34,2603.38,10.72,76.57,29,389,3,2083,4.8,496,1,0,0,6,2020,1.0,17829,84.98,90.03,83.05,0.901,0.8505,0.922,8.86,12.09,11.76,69.28
prod_001,electronics,2020-07,29,4560.25,36.66,157.25,56,589,7,1445,3.3,323,1,0,0,7,2020,1.05,25095,163.17,165.25,168.27,0.9637,0.9516,0.9345,29.89,32.36,36.34,152.1
prod_002,electronics,2020-07,6,1141.08,31.51,190.18,55,200,6,2414,3.2,213,1,0,0,7,2020,1.05,43330,180.68,167.35,182.48,1.0526,1.1364,1.0422,36.79,33.31,34.05,223.53
prod_002,electronics,2020-07,32,7669.76,15.97,239.68,42,288,9,2697,3.5,240,0,1,1,7,2020,1.05,47620,241.79,273.9,268.89,0.9913,0.8751,0.8914,18.41,14.01,15.41,190.18
prod_003,clothing,2020-07,28,1397.2,22.09,49.9,42,296,6,187,4.0,91,1,0,1,7,2020,1.05,4791,55.83,57.31,51.53,0.8938,0.8707,0.9684,23.5,19.77,23.72,49.81
prod_003,clothing,2020-07,18,883.8,24.42,49.1,40,192,2,556,4.7,113,0,1,1,7,2020,1.05,2865,54.89,40.48,49.81,0.8945,1.2129,0.9857,24.41,26.67,24.95,49.9
prod_004,clothing,2020-07,5,306.25,12.92,61.25,41,441,6,710,4.6,116,0,1,1,7,2020,1.05,2878,66.07,51.03,68.02,0.927,1.2003,0.9005,13.78,14.23,12.4,67.32
prod_001,electronics,2020-08,36,5428.08,14.99,150.78,48,568,2,1132,2.7,163,1,0,0,8,2020,1.0,25554,175.53,168.16,163.56,0.859,0.8966,0.9219,17.05,13.03,14.9,157.25
prod_001,electronics,2020-08,25,4155.25,28.37,166.21,49,259,2,1625,3.9,332,0,1,0,8,2020,1.0,7850,172.05,141.54,178.76,0.9661,1.1743,0.9298,29.56,30.82,29.54,150.78
prod_002,electronics,2020-08,11,2309.78,35.43,209.98,48,659,10,2333,4.5,462,1,0,0,8,2020,1.0,36059,230.56,246.21,184.87,0.9107,0.8528,1.1358,28.68,36.76,32.72,239.68
prod_002,electronics,2020-08,16,4070.88,13.43,254.43,50,367,3,1732,4.1,363,0,1,0,8,2020,1.0,38727,241.34,281.01,245.04,1.0542,0.9054,1.0383,13.47,12.72,12.1,209.98
prod_003,clothing,2020-08,14,658.14,10.97,47.01,49,342,2,446,4.1,256,0,1,0,8,2020,1.0,4424,47.54,53.19,52.74,0.9889,0.8838,0.8914,10.81,12.0,11.91,49.1
prod_004,clothing,2020-08,2,121.56,11.95,60.78,47,301,2,851,4.9,153,1,0,0,8,2020,1.0,3317,58.88,58.05,62.25,1.0323,1.047,0.9764,10.35,12.33,11.2,61.25
prod_005,home_garden,2020-08,15,1200.75,18.59,80.05,39,411,5,4571,3.0,164,0,1,0,8,2020,1.0,18574,78.53,66.72,74.81,1.0194,1.1998,1.07,15.56,18.62,19.7,76.57
prod_001,electronics,2020-09,30,3597.9,32.81,119.93,57,300,8,493,5.0,274,1,0,1,9,2020,0.9,26214,132.35,118.18,128.65,0.9062,1.0148,0.9322,33.1,27.93,35.65,166.21
prod_002,electronics,2020-09,41,8398.03,41.14,204.83,43,469,6,1579,3.3,108,0,1,0,9,2020,0.9,3473,229.51,217.45,195.33,0.8925,0.942,1.0486,35.5,36.38,44.91,254.43
prod_002,electronics,2020-09,41,9293.88,24.26,226.68,50,440,6,879,2.9,169,0,1,0,9,2020,0.9,48160,219.55,222.08,207.44,1.0325,1.0207,1.0927,23.98,25.54,22.35,204.83
prod_003,clothing,2020-09,35,1369.9,20.72,39.14,46,201,6,419,2.7,482,1,0,0,9,2020,0.9,3222,35.07,43.55,44.16,1.1161,0.8987,0.8863,20.46,20.44,21.48,47.01
prod_003,clothing,2020-09,21,850.5,9.47,40.5,49,286,5,731,3.0,479,0,1,0,9,2020,0.9,2613,45.61,46.08,40.6,0.888,0.8789,0.9975,7.69,9.4,9.19,39.14
prod_004,clothing,2020-09,10,553.5,16.74,55.35,32,404,7,881,2.7,164,1,0,0,9,2020,0.9,1476,55.06,57.76,56.9,1.0053,0.9583,0.9728,19.91,16.16,16.21,60.78
prod_005,home_garden,2020-09,49,2848.86,24.37,58.14,51,544,7,1917,4.6,68,1,0,0,9,2020,0.9,8104,60.71,64.88,53.93,0.9577,0.8961,1.0781,28.81,21.22,22.46,80.05
prod_001,electronics,2020-10,11,1466.41,15.59,133.31,58,200,8,484,2.9,86,1,0,0,10,2020,0.95,20030,126.91,138.86,133.41,1.0504,0.96,0.9993,13.75,17.36,14.97,119.93
prod_002,electronics,2020-10,22,5445.66,55.51,247.53,44,672,9,2686,4.6,446,0,1,0,10,2020,0.95,2532,242.39,251.89,221.38,1.0212,0.9827,1.1181,60.03,60.85,53.95,226.68
prod_003,clothing,2020-10,22,973.28,23.49,44.24,33,379,3,515,4.2,253,0,1,0,10,2020,0.95,3625,46.2,49.71,43.23,0.9576,0.89,1.0234,22.71,22.0,25.24,40.5
prod_003,clothing,2020-10,12,606.48,24.34,50.54,24,143,3,598,4.1,222,0,1,0,10,2020,0.95,4077,58.17,57.7,53.96,0.8688,0.8759,0.9366,28.53,25.24,24.12,44.24
prod_004,clothing,2020-10,8,489.52,21.62,61.19,44,376,4,898,3.5,289,1,0,0,10,2020,0.95,2539,52.73,51.01,61.83,1.1604,1.1996,0.9896,20.48,22.14,23.62,55.35
prod_005,home_garden,2020-10,16,1223.2,19.76,76.45,47,225,4,1140,3.7,389,1,0,0,10,2020,0.95,37298,82.88,81.52,78.41,0.9224,0.9378,0.975,20.39,20.43,21.35,58.14
prod_002,electronics,2020-11,22,5521.34,54.59,250.97,30,186,7,1506,4.3,298,0,1,0,11,2020,1.15,20953,264.11,257.55,265.33,0.9502,0.9745,0.9459,50.04,58.48,49.43,247.53
prod_003,clothing,2020-11,15,833.4,13.42,55.56,43,157,6,363,2.9,312,1,0,0,11,2020,1.15,616,54.42,49.07,60.63,1.0209,1.1323,0.9164,12.0,12.13,13.49,50.54
prod_003,clothing,2020-11,8,530.24,28.96,66.28,27,438,5,522,4.3,95,0,1,1,11,2020,1.15,3638,73.37,62.58,69.82,0.9034,1.0591,0.9493,31.92,25.62,27.03,55.56
prod_004,clothing,2020-11,20,1465.0,25.51,73.25,30,194,6,549,4.7,16,0,1,0,11,2020,1.15,4487,72.06,68.39,74.95,1.0165,1.0711,0.9773,30.16,22.43,25.67,61.19
prod_005,home_garden,2020-11,16,1315.04,14.59,82.19,48,479,6,1305,3.7,355,1,0,0,11,2020,1.15,19734,86.8,73.16,79.81,0.9469,1.1234,1.0298,15.7,13.19,14.73,76.45
prod_001,electronics,2020-12,24,5112.72,24.84,213.03,38,397,2,1685,2.6,57,0,1,0,12,2020,1.3,10283,247.73,191.31,221.94,0.8599,1.1135,0.9599,21.08,28.25,22.79,133.31
prod_001,electronics,2020-12,16,2987.36,44.32,186.71,38,501,5,1624,4.2,48,0,1,0,12,2020,1.3,7037,219.0,171.68,185.83,0.8526,1.0875,1.0047,51.47,47.91,42.75,213.03
prod_002,electronics,2020-12,7,2009.0,24.75,287.0,39,221,10,1384,4.9,112,1,0,1,12,2020,1.3,13660,293.38,250.2,312.13,0.9783,1.1471,0.9195,21.96,25.81,26.79,250.97
prod_003,clothing,2020-12,24,1406.64,6.95,58.61,40,427,2,609,4.8,350,1,0,1,12,2020,1.3,1719,56.58,56.32,51.64,1.0359,1.0407,1.135,7.53,7.52,6.92,66.28
prod_003,clothing,2020-12,1,60.75,20.6,60.75,50,452,5,103,2.8,284,0,1,0,12,2020,1.3,3649,59.27,64.73,60.03,1.025,0.9385,1.012,21.69,23.44,18.91,58.61
prod_004,clothing,2020-12,15,1076.4,11.59,71.76,43,217,4,190,4.2,468,0,1,0,12,2020,1.3,3747,73.22,81.71,71.63,0.9801,0.8782,1.0018,10.15,9.98,10.49,73.25
prod_004,clothing,2020-12,32,2560,25.02,80,48,350,2,661,2.6,38,0,1,1,12,2020,1.3,4974,88.19,77.28,74.97,0.9071,1.0352,1.0671,26.56,25.19,27.22,71.76
prod_005,home_garden,2020-12,11,1064.58,21.93,96.78,47,203,4,656,4.3,76,0,1,0,12,2020,1.3,33881,112.91,107.95,87.71,0.8571,0.8965,1.1034,22.91,24.14,20.02,82.19
prod_001,electronics,2021-01,19,2409.2,22.1,126.8,53,611,4,1861,2.8,360,1,0,1,1,2021,0.8,28390,144.9,140.18,137.75,0.8751,0.9046,0.9205,22.92,21.01,20.42,186.71
prod_002,electronics,2021-01,7,1222.55,14.36,174.65,37,311,3,2889,4.7,51,0,1,1,1,2021,0.8,42136,153.9,184.19,195.51,1.1348,0.9482,0.8933,13.88,15.68,15.14,287.0
prod_003,clothing,2021-01,19,678.49,20.28,35.71,42,355,6,138,4.9,331,1,0,1,1,2021,0.8,1974,35.59,36.45,33.28,1.0034,0.9797,1.073,24.23,23.18,20.76,60.75
prod_004,clothing,2021-01,24,1108.08,12.96,46.17,47,196,7,348,4.6,476,1,0,1,1,2021,0.8,1523,50.07,38.58,48.67,0.9221,1.1967,0.9486,11.85,12.71,12.53,80
prod_005,home_garden,2021-01,11,658.02,10.6,59.82,44,239,3,738,4.7,379,1,0,0,1,2021,0.8,34788,59.62,65.14,67.15,1.0034,0.9183,0.8908,9.46,9.36,10.02,96.78
prod_005,home_garden,2021-01,24,1385.28,8.34,57.72,41,254,4,4468,4.8,242,0,1,1,1,2021,0.8,6561,56.61,56.84,53.82,1.0196,1.0155,1.0725,7.87,7.76,8.07,59.82
prod_001,electronics,2021-02,37,4803.71,13.89,129.83,58,502,6,903,2.9,416,1,0,0,2,2021,0.75,8204,118.08,151.8,144.22,1.0995,0.8553,0.9002,11.59,15.38,13.86,126.8
prod_001,electronics,2021-02,28,2967.16,8.09,105.97,57,452,3,1076,3.3,306,0,1,1,2,2021,0.75,25123,124.47,122.99,119.4,0.8514,0.8616,0.8875,9.38,7.89,7.35,129.83
prod_002,electronics,2021-02,15,2481.75,25.67,165.45,42,162,9,1285,4.9,77,1,0,1,2,2021,0.75,7445,198.48,136.62,175.48,0.8336,1.211,0.9428,22.2,25.36,26.03,174.65
prod_003,clothing,2021-02,21,826.98,24.89,39.38,42,424,2,479,4.7,46,1,0,0,2,2021,0.75,4303,40.79,36.5,42.66,0.9654,1.0789,0.9231,26.86,25.73,25.26,35.71
prod_004,clothing,2021-02,50,2198.5,29.16,43.97,23,176,5,840,3.4,326,0,1,1,2,2021,0.75,3581,47.35,47.21,45.35,0.9286,0.9314,0.9696,32.35,26.0,28.2,46.17
prod_005,home_garden,2021-02,16,909.28,25.76,56.83,39,316,7,2346,4.2,151,0,1,1,2,2021,0.75,24001,57.3,56.86,62.74,0.9918,0.9995,0.9058,25.45,26.01,27.44,57.72
prod_001,electronics,2021-03,6,779.1,14.46,129.85,32,600,3,1137,3.2,499,0,1,0,3,2021,0.85,3860,117.86,111.71,119.46,1.1017,1.1624,1.087,12.44,13.18,15.77,105.97
prod_002,electronics,2021-03,29,6339.69,29.05,218.61,34,343,4,2940,2.6,420,0,1,0,3,2021,0.85,3407,258.31,230.0,216.68,0.8463,0.9505,1.0089,27.22,30.32,28.04,165.45
prod_003,clothing,2021-03,15,579.9,27.4,38.66,45,233,3,413,3.7,157,1,0,0,3,2021,0.85,1906,33.5,36.62,38.78,1.154,1.0557,0.9969,23.74,30.89,28.56,39.38
prod_004,clothing,2021-03,11,580.69,10.4,52.79,32,414,3,269,3.6,199,0,1,0,3,2021,0.85,937,55.26,43.95,50.97,0.9553,1.2011,1.0357,9.75,10.0,10.48,43.97
prod_005,home_garden,2021-03,18,1066.86,31.06,59.27,28,558,7,3123,4.9,179,1,0,0,3,2021,0.85,13227,56.51,67.72,67.67,1.0488,0.8752,0.8759,34.22,35.66,32.1,56.83
prod_001,electronics,2021-04,38,5426.02,39.43,142.79,47,319,4,485,2.6,326,1,0,0,4,2021,0.9,23216,143.66,121.84,127.78,0.9939,1.1719,1.1175,41.66,40.42,37.24,129.85
prod_002,electronics,2021-04,10,1958.0,48.52,195.8,40,475,3,1915,4.8,194,1,0,0,4,2021,0.9,14743,215.49,190.7,192.72,0.9086,1.0267,1.016,39.05,46.26,46.66,218.61
prod_002,electronics,2021-04,35,7097.3,39.94,202.78,34,317,9,2002,4.3,222,0,1,0,4,2021,0.9,30999,182.27,209.14,183.16,1.1125,0.9696,1.1071,35.27,39.64,42.88,195.8
prod_003,clothing,2021-04,30,1314.0,21.67,43.8,25,384,5,379,4.3,396,1,0,0,4,2021,0.9,3895,40.28,49.04,41.97,1.0874,0.8931,1.0436,21.59,23.77,20.81,38.66
prod_004,clothing,2021-04,19,1133.16,13.31,59.64,37,183,7,805,4.2,157,1,0,0,4,2021,0.9,5814,60.96,63.67,56.42,0.9783,0.9367,1.0571,11.28,12.42,14.63,52.79
prod_005,home_garden,2021-04,39,2262.0,31.59,58.0,44,555,7,1479,2.5,142,0,1,0,4,2021,0.9,27458,50.49,54.23,64.79,1.1487,1.0695,0.8952,26.98,28.4,30.15,59.27
prod_001,electronics,2021-05,12,1801.8,26.75,150.15,35,296,6,1769,4.4,288,1,0,1,5,2021,0.95,21579,172.03,166.36,143.14,0.8728,0.9026,1.049,28.87,25.65,26.93,142.79
prod_002,electronics,2021-05,36,7904.52,24.77,219.57,31,308,6,967,4.6,417,1,0,0,5,2021,0.95,8712,250.53,221.6,224.77,0.8764,0.9908,0.9769,25.28,26.67,22.86,202.78
prod_002,electronics,2021-05,7,1787.31,33.22,255.33,36,292,10,1576,4.7,315,0,1,0,5,2021,0.95,47288,303.72,225.2,245.7,0.8407,1.1338,1.0392,36.47,29.42,30.75,219.57
prod_003,clothing,2021-05,37,1804.49,23.4,48.77,20,496,5,214,4.4,31,0,1,1,5,2021,0.95,1136,52.72,50.41,49.09,0.9251,0.9675,0.9935,27.22,20.19,22.47,43.8
prod_004,clothing,2021-05,15,844.5,11.14,56.3,24,194,7,509,4.9,495,1,0,1,5,2021,0.95,839,64.71,61.99,58.86,0.87,0.9082,0.9565,11.16,9.7,11.85,59.64
prod_004,clothing,2021-05,24,1293.12,10.71,53.88,22,170,3,922,4.8,445,0,1,0,5,2021,0.95,5000,52.71,55.61,53.81,1.0222,0.9689,1.0013,12.67,9.68,10.4,56.3
prod_005,home_garden,2021-05,15,1266.3,20.36,84.42,43,570,5,4757,4.3,295,1,0,1,5,2021,0.95,11907,86.34,80.92,84.7,0.9778,1.0433,0.9967,22.28,21.5,21.75,58.0
prod_005,home_garden,2021-05,43,2490.56,11.32,57.92,49,368,4,1070,2.5,355,0,1,0,5,2021,0.95,34173,51.36,56.63,61.27,1.1277,1.0228,0.9453,9.44,10.11,11.1,84.42
prod_001,electronics,2021-06,15,2500.35,21.58,166.69,42,325,3,1418,4.6,381,1,0,0,6,2021,1.0,28657,186.31,182.65,173.41,0.8947,0.9126,0.9612,23.79,23.53,23.49,150.15
prod_002,electronics,2021-06,11,2863.08,46.86,260.28,33,651,10,742,3.1,492,0,1,0,6,2021,1.0,10007,230.31,218.38,233.84,1.1301,1.1919,1.1131,50.2,53.5,45.76,255.33
prod_003,clothing,2021-06,34,1695.92,25.43,49.88,29,438,5,577,3.7,143,1,0,0,6,2021,1.0,2154,56.53,50.61,44.13,0.8824,0.9856,1.1303,28.12,29.17,27.36,48.77
prod_004,clothing,2021-06,15,952.35,21.25,63.49,44,204,5,948,3.6,169,1,0,0,6,2021,1.0,3082,64.8,54.56,67.44,0.9798,1.1637,0.9414,22.61,22.43,21.56,53.88
prod_005,home_garden,2021-06,31,2173.72,23.42,70.12,38,211,3,3389,4.0,75,1,0,0,6,2021,1.0,21640,68.16,76.23,62.21,1.0288,0.9198,1.1271,27.09,22.3,21.53,57.92
prod_001,electronics,2021-07,19,3128.73,30.72,164.67,57,512,2,1609,3.3,20,1,0,1,7,2021,1.05,3146,177.88,160.07,167.8,0.9257,1.0287,0.9813,29.75,26.3,30.53,166.69
prod_002,electronics,2021-07,33,8101.5,15.6,245.5,40,664,8,1143,2.9,163,1,0,0,7,2021,1.05,24017,251.38,276.2,268.22,0.9766,0.8888,0.9153,17.72,15.77,14.94,260.28
prod_003,clothing,2021-07,13,676.65,24.39,52.05,38,272,4,692,2.7,420,1,0,0,7,2021,1.05,1276,50.57,44.12,57.38,1.0293,1.1797,0.9071,24.44,22.93,25.19,49.88
prod_004,clothing,2021-07,39,2338.44,11.19,59.96,44,384,3,169,3.9,119,1,0,0,7,2021,1.05,5743,70.65,54.95,63.09,0.8487,1.0912,0.9504,12.57,12.37,12.1,63.49
prod_004,clothing,2021-07,14,948.64,16.45,67.76,26,273,5,301,3.5,450,0,1,0,7,2021,1.05,2569,59.12,60.53,67.17,1.1461,1.1194,1.0088,18.58,17.17,15.65,59.96
prod_005,home_garden,2021-07,22,1783.76,20.07,81.08,48,198,4,4072,2.9,79,0,1,0,7,2021,1.05,30657,76.8,82.56,85.46,1.0557,0.9821,0.9487,16.4,21.41,21.2,70.12
prod_005,home_garden,2021-07,18,1507.86,31.7,83.77,49,516,3,3834,3.5,439,0,1,0,7,2021,1.05,26818,75.33,72.07,90.33,1.112,1.1623,0.9274,37.19,31.91,33.79,81.08
prod_001,electronics,2021-08,9,1522.35,37.77,169.15,56,798,7,841,3.5,393,1,0,0,8,2021,1.0,11790,199.16,151.98,153.73,0.8493,1.113,1.1003,33.45,35.22,37.08,164.67
prod_001,electronics,2021-08,11,1947.33,21.36,177.03,51,452,4,1067,4.7,489,0,1,0,8,2021,1.0,16560,159.45,175.45,173.36,1.1103,1.009,1.0212,19.72,22.29,23.09,169.15
prod_002,electronics,2021-08,18,4996.44,24.02,277.58,45,521,4,1875,3.8,131,1,0,0,8,2021,1.0,22268,273.68,318.53,273.72,1.0143,0.8714,1.0141,28.61,22.26,22.05,245.5
prod_003,clothing,2021-08,16,884.32,28.83,55.27,45,117,4,759,4.7,431,1,0,0,8,2021,1.0,3828,56.49,59.98,62.46,0.9784,0.9215,0.8849,26.9,28.16,31.24,52.05
prod_003,clothing,2021-08,10,502.1,15.06,50.21,43,267,5,716,4.2,400,0,1,0,8,2021,1.0,4986,43.59,52.77,52.73,1.1519,0.9515,0.9522,16.81,13.42,14.76,55.27
prod_004,clothing,2021-08,14,955.08,29.42,68.22,47,283,5,852,3.7,386,0,1,0,8,2021,1.0,3961,62.13,70.5,66.07,1.098,0.9677,1.0325,26.85,25.75,28.64,67.76
prod_004,clothing,2021-08,23,1328.02,6.98,57.74,42,433,7,173,3.1,55,0,1,0,8,2021,1.0,5175,68.77,51.47,61.74,0.8396,1.1218,0.9352,6.06,6.77,6.88,68.22
prod_005,home_garden,2021-08,33,2589.18,19.08,78.46,31,294,8,4216,3.0,494,1,0,0,8,2021,1.0,35384,88.17,72.47,79.51,0.8899,1.0827,0.9868,16.26,21.12,19.46,83.77
prod_001,electronics,2021-09,17,2301.63,9.35,135.39,49,661,3,736,3.4,360,1,0,1,9,2021,0.9,8716,137.3,153.49,154.76,0.9861,0.8821,0.8748,8.97,8.54,9.13,177.03
prod_002,electronics,2021-09,20,4172.0,29.46,208.6,55,196,3,1751,3.1,327,1,0,0,9,2021,0.9,41739,226.32,180.98,233.82,0.9217,1.1526,0.8921,24.05,26.63,27.51,277.58
prod_002,electronics,2021-09,13,2647.06,22.9,203.62,29,416,4,2472,3.3,75,0,1,0,9,2021,0.9,30372,242.45,187.57,199.01,0.8398,1.0856,1.0232,22.26,25.67,21.82,208.6
prod_003,clothing,2021-09,39,1630.59,24.51,41.81,21,196,3,254,2.6,103,0,1,1,9,2021,0.9,4104,45.87,40.85,48.03,0.9115,1.0235,0.8705,28.7,21.13,23.81,50.21
prod_004,clothing,2021-09,6,381.78,15.81,63.63,27,206,7,358,3.8,149,1,0,0,9,2021,0.9,2927,58.82,75.04,56.07,1.0818,0.8479,1.1348,17.5,14.29,17.14,57.74
prod_005,home_garden,2021-09,14,923.02,17.13,65.93,32,194,3,1368,3.7,372,1,0,0,9,2021,0.9,24203,78.08,68.17,58.12,0.8444,0.9671,1.1344,20.35,17.93,18.67,78.46
prod_005,home_garden,2021-09,8,536.08,12.32,67.01,38,588,3,898,4.4,290,0,1,0,9,2021,0.9,21543,65.9,64.57,62.19,1.0168,1.0378,1.0775,14.61,13.67,11.31,65.93
prod_001,electronics,2021-10,18,2689.56,12.95,149.42,43,517,7,1205,4.0,193,1,0,0,10,2021,0.95,27250,170.52,150.1,151.24,0.8763,0.9955,0.988,14.95,12.86,13.11,135.39
prod_002,electronics,2021-10,31,6546.58,14.1,211.18,39,379,5,2402,4.8,279,1,0,0,10,2021,0.95,24396,218.28,195.27,210.78,0.9675,1.0815,1.0019,16.4,14.01,13.11,203.62
prod_003,clothing,2021-10,7,301.77,19.47,43.11,23,361,5,146,3.5,247,1,0,0,10,2021,0.95,4705,45.22,39.28,40.9,0.9533,1.0975,1.054,16.21,19.49,17.97,41.81
prod_004,clothing,2021-10,24,1438.8,14.66,59.95,46,350,6,891,4.5,184,1,0,0,10,2021,0.95,4327,69.24,53.2,55.75,0.8658,1.1269,1.0753,16.11,15.12,15.75,63.63
prod_004,clothing,2021-10,11,671.44,6.87,61.04,36,327,7,821,4.9,318,0,1,0,10,2021,0.95,4508,67.39,56.71,67.12,0.9058,1.0764,0.9094,7.19,7.26,7.51,59.95
prod_005,home_garden,2021-10,7,520.03,25.95,74.29,34,426,8,2041,2.9,133,1,0,0,10,2021,0.95,4757,79.42,82.05,69.2,0.9354,0.9054,1.0736,23.88,25.67,25.82,67.01
prod_005,home_garden,2021-10,32,2351.36,33.2,73.48,55,410,7,4362,3.1,160,0,1,0,10,2021,0.95,4286,77.1,82.31,65.67,0.953,0.8927,1.1189,26.66,34.5,34.61,74.29
prod_001,electronics,2021-11,18,3072.42,10.64,170.69,46,699,3,1018,4.3,280,0,1,0,11,2021,1.15,16928,178.14,156.42,180.08,0.9582,1.0912,0.9479,12.3,9.42,10.9,149.42
prod_002,electronics,2021-11,30,8755.2,29.21,291.84,32,497,10,1250,2.8,160,1,0,1,11,2021,1.15,35268,290.64,338.19,308.23,1.0041,0.8629,0.9468,27.58,28.97,31.96,211.18
prod_003,clothing,2021-11,13,783.77,11.7,60.29,23,312,5,720,3.3,117,1,0,0,11,2021,1.15,4531,58.82,55.1,64.07,1.025,1.0942,0.941,10.18,12.96,11.71,43.11
prod_004,clothing,2021-11,32,2420.48,14.0,75.64,46,143,6,498,3.2,87,1,0,0,11,2021,1.15,3510,80.29,64.86,67.59,0.9421,1.1662,1.1191,16.5,15.26,15.3,61.04
prod_004,clothing,2021-11,7,560,30.06,80,25,205,7,192,2.8,115,0,1,0,11,2021,1.15,4755,72.4,74.01,79.94,1.105,1.0809,1.0008,30.13,32.16,27.65,75.64
prod_005,home_garden,2021-11,21,1916.88,29.69,91.28,54,594,6,553,3.4,268,0,1,1,11,2021,1.15,19077,100.44,88.49,95.84,0.9088,1.0315,0.9524,26.67,31.95,29.87,73.48
prod_005,home_garden,2021-11,26,2384.2,33.49,91.7,28,406,4,4728,4.4,377,0,1,0,11,2021,1.15,26709,108.23,77.99,88.49,0.8473,1.1758,1.0363,39.95,30.12,30.55,91.28
prod_001,electronics,2021-12,25,5384.0,50.78,215.36,58,766,8,1058,3.3,390,1,0,1,12,2021,1.3,14172,245.39,246.39,225.01,0.8776,0.8741,0.9571,43.61,49.32,52.24,170.69
prod_002,electronics,2021-12,23,6615.26,50.0,287.62,26,700,8,1535,3.5,378,1,0,1,12,2021,1.3,7523,344.33,265.25,260.31,0.8353,1.0843,1.1049,51.04,50.32,52.57,291.84
prod_004,clothing,2021-12,29,2320,34.63,80,48,310,4,263,4.1,191,0,1,0,12,2021,1.3,1091,94.36,78.52,82.76,0.8478,1.0188,0.9667,27.78,32.96,32.8,80
prod_005,home_garden,2021-12,10,1090.3,18.55,109.03,50,373,7,2830,4.3,63,1,0,0,12,2021,1.3,12173,124.08,103.58,98.83,0.8787,1.0526,1.1032,20.12,20.38,17.0,91.7
prod_001,electronics,2022-01,47,5754.68,21.05,122.44,54,604,8,1344,3.2,265,1,0,0,1,2022,0.8,18004,133.6,142.18,131.94,0.9165,0.8612,0.928,20.35,18.92,21.07,215.36
prod_002,electronics,2022-01,22,3842.52,26.43,174.66,55,528,4,433,4.0,219,0,1,1,1,2022,0.8,12278,166.16,176.09,159.25,1.0512,0.9919,1.0968,24.37,25.43,25.34,287.62
prod_003,clothing,2022-01,36,1189.44,26.54,33.04,46,478,5,320,2.5,290,1,0,0,1,2022,0.8,1999,32.91,33.91,34.12,1.004,0.9743,0.9683,30.79,28.78,26.41,60.29
prod_004,clothing,2022-01,41,1972.51,22.76,48.11,24,439,7,302,4.1,208,0,1,1,1,2022,0.8,3264,50.0,56.04,53.9,0.9622,0.8585,0.8926,24.91,23.76,24.43,80
prod_005,home_garden,2022-01,10,599.3,23.24,59.93,47,457,7,1197,4.4,500,1,0,1,1,2022,0.8,15610,60.92,68.49,54.68,0.9837,0.875,1.096,27.29,21.01,21.0,109.03
prod_001,electronics,2022-02,42,5540.64,28.44,131.92,31,703,8,1022,4.8,184,1,0,0,2,2022,0.75,20296,151.82,123.25,125.25,0.8689,1.0703,1.0533,24.06,25.02,26.55,122.44
prod_002,electronics,2022-02,21,3702.51,11.62,176.31,25,209,7,1632,3.5,173,0,1,0,2,2022,0.75,13892,165.78,204.34,197.97,1.0635,0.8628,0.8906,9.54,10.71,11.85,174.66
prod_002,electronics,2022-02,15,2464.8,18.92,164.32,42,566,4,1603,3.7,218,0,1,0,2,2022,0.75,32462,192.22,135.84,169.18,0.8549,1.2097,0.9713,19.57,16.66,19.92,176.31
prod_003,clothing,2022-02,50,1585.5,10.51,31.71,37,186,3,245,3.8,226,1,0,0,2,2022,0.75,3558,27.42,35.28,36.13,1.1565,0.8988,0.8777,11.02,10.99,9.81,33.04
prod_004,clothing,2022-02,37,1830.39,27.25,49.47,48,381,4,367,2.6,388,1,0,1,2,2022,0.75,5393,43.6,53.0,54.63,1.1346,0.9334,0.9055,29.7,31.33,29.31,48.11
prod_004,clothing,2022-02,36,1525.68,21.45,42.38,30,245,7,920,5.0,184,0,1,1,2,2022,0.75,4308,50.25,39.76,47.75,0.8434,1.0659,0.8875,18.31,24.17,21.92,49.47
prod_001,electronics,2022-03,29,3942.84,26.48,135.96,50,279,6,1812,2.6,436,1,0,0,3,2022,0.85,29728,136.75,117.53,155.33,0.9942,1.1568,0.8753,25.17,27.28,25.88,131.92
prod_002,electronics,2022-03,19,4121.29,28.96,216.91,49,437,8,1207,3.0,427,1,0,0,3,2022,0.85,3296,207.39,233.92,204.6,1.0459,0.9273,1.0602,28.89,27.77,27.69,164.32
prod_003,clothing,2022-03,35,1545.25,8.81,44.15,35,187,6,384,3.0,388,1,0,0,3,2022,0.85,4598,48.07,45.19,39.63,0.9185,0.977,1.1141,7.5,7.66,8.39,31.71
prod_003,clothing,2022-03,26,1108.64,10.72,42.64,42,447,6,794,4.0,358,0,1,0,3,2022,0.85,689,44.6,41.93,48.32,0.9561,1.0169,0.8825,11.32,12.14,9.76,44.15
prod_004,clothing,2022-03,41,2258.28,19.02,55.08,45,234,2,679,3.2,225,1,0,0,3,2022,0.85,956,52.91,52.94,53.45,1.041,1.0404,1.0305,21.91,20.78,20.88,42.38
prod_005,home_garden,2022-03,25,1711.5,15.06,68.46,43,401,3,1292,4.0,330,1,0,0,3,2022,0.85,4826,78.33,62.23,69.0,0.874,1.1001,0.9922,17.82,16.56,16.03,59.93
prod_001,electronics,2022-04,10,1381.7,29.6,138.17,32,262,2,1385,3.4,465,1,0,0,4,2022,0.9,5090,120.59,119.64,155.88,1.1458,1.1549,0.8864,28.91,27.84,30.35,135.96
prod_001,electronics,2022-04,20,2836.4,37.6,141.82,49,620,3,1022,4.7,413,0,1,0,4,2022,0.9,4140,153.29,116.83,139.5,0.9252,1.2139,1.0166,42.04,41.89,38.5,138.17
prod_002,electronics,2022-04,19,3855.1,14.42,202.9,47,219,6,350,4.8,74,1,0,0,4,2022,0.9,41005,190.67,197.13,218.25,1.0641,1.0293,0.9297,14.1,13.31,15.28,216.91
prod_003,clothing,2022-04,20,1006.6,20.87,50.33,24,340,4,654,4.0,159,1,0,0,4,2022,0.9,1692,42.92,51.9,53.51,1.1726,0.9697,0.9406,17.17,20.91,22.27,42.64
prod_004,clothing,2022-04,14,876.26,15.53,62.59,44,359,6,833,4.2,446,1,0,0,4,2022,0.9,4497,74.3,65.21,62.15,0.8424,0.9598,1.0071,13.43,15.32,16.43,55.08
prod_004,clothing,2022-04,19,1130.12,24.47,59.48,28,242,5,627,4.3,497,0,1,0,4,2022,0.9,5711,67.52,66.06,58.38,0.8809,0.9004,1.0188,23.49,26.86,22.06,62.59
prod_005,home_garden,2022-04,29,2118.16,8.02,73.04,34,325,4,743,3.0,144,1,0,0,4,2022,0.9,16049,70.77,74.47,67.8,1.0321,0.9808,1.0773,6.48,8.84,8.68,68.46
prod_001,electronics,2022-05,15,2372.55,19.88,158.17,55,581,7,691,2.9,279,1,0,0,5,2022,0.95,13112,183.25,179.72,141.98,0.8631,0.8801,1.114,17.05,22.41,21.05,141.82
prod_002,electronics,2022-05,18,3401.1,45.55,188.95,31,698,7,2823,4.5,177,0,1,0,5,2022,0.95,40490,179.13,163.54,192.21,1.0548,1.1554,0.983,47.08,45.4,47.62,202.9
prod_003,clothing,2022-05,36,1759.32,15.54,48.87,25,264,4,631,3.8,257,1,0,0,5,2022,0.95,4303,46.13,47.13,55.16,1.0594,1.0369,0.886,16.06,13.38,14.67,50.33
prod_004,clothing,2022-05,21,1240.68,30.71,59.08,39,163,3,533,4.4,161,1,0,1,5,2022,0.95,2685,62.29,58.34,61.9,0.9485,1.0127,0.9544,29.8,30.41,30.15,59.48
prod_005,home_garden,2022-05,10,749.8,16.75,74.98,54,436,7,1175,3.9,50,1,0,0,5,2022,0.95,22301,66.32,63.41,66.76,1.1306,1.1825,1.1231,14.74,15.23,16.18,73.04
prod_001,electronics,2022-06,16,2589.44,45.17,161.84,53,756,4,1740,2.5,163,0,1,0,6,2022,1.0,24467,157.2,190.79,183.75,1.0295,0.8483,0.8808,50.99,48.66,40.76,158.17
prod_002,electronics,2022-06,14,3517.22,32.69,251.23,50,629,10,2412,3.4,53,1,0,0,6,2022,1.0,40469,230.06,275.66,268.43,1.092,0.9114,0.9359,28.89,32.2,33.07,188.95
prod_003,clothing,2022-06,24,1200.48,14.75,50.02,41,485,5,529,4.4,363,1,0,0,6,2022,1.0,3987,48.23,41.43,54.62,1.0371,1.2073,0.9158,17.24,13.22,16.09,48.87
prod_003,clothing,2022-06,26,1191.06,30.24,45.81,22,373,5,309,3.0,65,0,1,0,6,2022,1.0,3700,44.21,53.43,48.22,1.0362,0.8574,0.95,27.88,27.26,31.3,50.02
prod_004,clothing,2022-06,25,1736.75,14.38,69.47,43,388,2,388,3.6,198,1,0,0,6,2022,1.0,2984,63.23,78.47,68.84,1.0987,0.8853,1.0092,12.41,12.7,14.48,59.08
prod_005,home_garden,2022-06,14,1108.24,15.63,79.16,47,474,5,4389,4.0,267,1,0,0,6,2022,1.0,13405,80.0,70.66,90.84,0.9895,1.1203,0.8714,15.29,17.15,15.96,74.98
prod_001,electronics,2022-07,6,946.98,35.33,157.83,58,667,4,789,4.3,374,1,0,1,7,2022,1.05,22177,179.64,177.71,156.58,0.8786,0.8881,1.008,30.8,36.58,34.85,161.84
prod_002,electronics,2022-07,8,2240.64,23.51,280.08,53,700,7,946,4.2,44,1,0,0,7,2022,1.05,19942,259.37,279.42,321.52,1.0798,1.0024,0.8711,24.01,27.0,21.52,251.23
prod_003,clothing,2022-07,34,1664.3,7.33,48.95,40,455,5,127,3.5,391,1,0,1,7,2022,1.05,1099,42.25,44.56,52.45,1.1586,1.0985,0.9333,6.26,7.7,7.28,45.81
prod_004,clothing,2022-07,27,1834.65,28.68,67.95,48,129,6,315,2.8,160,0,1,0,7,2022,1.05,1997,61.76,72.14,60.0,1.1002,0.9419,1.1325,26.08,28.17,26.83,69.47
prod_005,home_garden,2022-07,34,2684.64,24.86,78.96,50,337,6,1342,2.6,12,0,1,1,7,2022,1.05,28599,72.69,71.85,88.86,1.0863,1.099,0.8886,21.88,21.25,22.51,79.16
prod_001,electronics,2022-08,11,2153.14,41.43,195.74,35,371,2,1900,3.5,65,1,0,0,8,2022,1.0,22761,188.49,204.67,205.27,1.0385,0.9564,0.9536,48.63,40.13,40.83,157.83
prod_002,electronics,2022-08,4,1080.32,30.05,270.08,27,435,8,2179,2.6,463,0,1,0,8,2022,1.0,16424,258.07,279.69,309.36,1.0465,0.9656,0.873,25.26,30.38,33.0,280.08
prod_003,clothing,2022-08,27,1092.15,22.31,40.45,25,425,4,236,4.9,351,1,0,0,8,2022,1.0,3220,39.13,42.03,41.99,1.0337,0.9624,0.9633,21.26,23.25,21.12,48.95
prod_004,clothing,2022-08,20,1152.4,12.53,57.62,41,160,2,588,2.8,265,0,1,0,8,2022,1.0,2595,52.04,51.49,51.3,1.1072,1.1191,1.1232,14.65,12.9,13.65,67.95
prod_004,clothing,2022-08,8,511.84,20.35,63.98,48,267,2,574,3.1,385,0,1,0,8,2022,1.0,5908,61.8,58.04,65.62,1.0353,1.1023,0.975,23.66,21.36,19.33,57.62
prod_005,home_garden,2022-08,33,2409.33,24.02,73.01,30,278,3,1029,4.1,82,1,0,0,8,2022,1.0,35220,65.27,64.43,75.07,1.1186,1.1332,0.9726,26.86,21.89,24.06,78.96
prod_001,electronics,2022-09,22,3355.88,19.5,152.54,60,406,4,1380,4.7,256,0,1,0,9,2022,0.9,15688,150.92,134.3,152.41,1.0107,1.1358,1.0009,19.54,20.87,20.52,195.74
prod_001,electronics,2022-09,28,4175.92,23.65,149.14,59,507,6,370,3.8,293,0,1,0,9,2022,0.9,25866,140.2,147.19,149.51,1.0638,1.0132,0.9975,22.47,24.4,21.63,152.54
prod_002,electronics,2022-09,37,8097.08,41.06,218.84,37,575,9,1832,4.9,201,1,0,1,9,2022,0.9,34207,261.65,185.06,244.87,0.8364,1.1825,0.8937,49.15,36.43,44.61,270.08
prod_002,electronics,2022-09,19,4205.65,32.01,221.35,47,527,3,2301,4.1,484,0,1,0,9,2022,0.9,43614,207.27,219.58,249.86,1.0679,1.0081,0.8859,30.24,33.99,28.99,218.84
prod_003,clothing,2022-09,18,835.92,21.0,46.44,20,159,2,778,4.1,479,1,0,0,9,2022,0.9,1822,55.31,39.42,52.28,0.8396,1.1781,0.8883,24.16,18.89,20.69,40.45
prod_004,clothing,2022-09,26,1668.68,26.48,64.18,25,445,6,895,4.4,186,1,0,1,9,2022,0.9,1328,59.26,69.92,68.59,1.083,0.9179,0.9357,21.25,23.85,26.44,63.98
prod_005,home_garden,2022-09,35,2286.9,11.16,65.34,50,248,4,3569,3.7,267,1,0,0,9,2022,0.9,15215,74.16,57.95,58.54,0.8811,1.1275,1.1162,9.74,12.03,10.62,73.01
prod_001,electronics,2022-10,11,1527.13,11.17,138.83,33,483,2,375,3.4,309,0,1,0,10,2022,0.95,13377,141.58,151.85,122.53,0.9806,0.9143,1.133,10.12,12.7,11.54,149.14
prod_003,clothing,2022-10,25,1094.75,28.82,43.79,39,319,4,584,3.4,465,1,0,0,10,2022,0.95,3260,42.05,39.68,42.81,1.0414,1.1036,1.0229,27.65,29.78,31.56,46.44
prod_004,clothing,2022-10,9,595.71,7.34,66.19,30,247,4,275,3.6,361,1,0,0,10,2022,0.95,4946,67.27,64.12,61.61,0.9839,1.0323,1.0743,8.77,8.35,7.8,64.18
prod_004,clothing,2022-10,25,1543.0,24.29,61.72,37,324,7,389,4.0,51,0,1,0,10,2022,0.95,5570,59.99,71.48,70.0,1.0288,0.8635,0.8817,24.06,25.44,25.26,66.19
prod_005,home_garden,2022-10,30,2110.5,7.62,70.35,37,524,7,4579,5.0,249,0,1,0,10,2022,0.95,8707,70.79,60.62,74.49,0.9938,1.1605,0.9444,6.83,6.96,8.01,65.34
prod_001,electronics,2022-11,18,3381.12,44.7,187.84,37,463,7,1769,3.7,469,1,0,0,11,2022,1.15,10186,220.33,196.87,190.25,0.8525,0.9541,0.9873,49.98,42.46,42.23,138.83
prod_002,electronics,2022-11,30,7538.4,40.79,251.28,50,388,6,2601,3.1,158,0,1,1,11,2022,1.15,30636,278.72,290.83,271.65,0.9015,0.864,0.925,34.53,39.17,43.67,221.35
prod_002,electronics,2022-11,6,1662.96,40.08,277.16,38,477,8,1077,4.5,488,0,1,0,11,2022,1.15,27437,286.01,287.3,260.52,0.9691,0.9647,1.0639,38.4,40.54,39.76,251.28
prod_003,clothing,2022-11,19,986.1,9.97,51.9,39,263,4,781,3.8,362,0,1,0,11,2022,1.15,781,56.95,51.49,57.28,0.9113,1.008,0.9061,9.95,10.58,9.72,43.79
prod_004,clothing,2022-11,19,1488.08,26.45,78.32,37,320,4,203,5.0,347,1,0,1,11,2022,1.15,2066,67.16,75.28,77.85,1.1662,1.0404,1.006,26.17,25.25,25.88,61.72
prod_005,home_garden,2022-11,26,2555.8,19.2,98.3,52,585,7,1572,4.7,37,1,0,0,11,2022,1.15,24195,99.3,86.4,90.16,0.9899,1.1377,1.0903,20.7,18.0,17.84,70.35
prod_005,home_garden,2022-11,1,88.43,17.66,88.43,40,398,8,1335,4.6,484,0,1,1,11,2022,1.15,12673,86.17,87.6,100.38,1.0262,1.0095,0.881,14.96,17.74,17.09,98.3
prod_001,electronics,2022-12,22,4724.94,30.64,214.77,60,376,7,1608,4.4,407,1,0,0,12,2022,1.3,20534,232.06,236.24,239.15,0.9255,0.9091,0.8981,32.48,28.57,31.58,187.84
prod_002,electronics,2022-12,29,8040.83,22.67,277.27,43,641,7,2703,4.2,58,1,0,1,12,2022,1.3,39550,282.67,291.7,276.46,0.9809,0.9505,1.0029,23.32,19.95,20.69,277.16
prod_002,electronics,2022-12,2,600,32.19,300,40,215,4,2497,4.4,116,0,1,0,12,2022,1.3,36739,349.25,265.51,312.53,0.859,1.1299,0.9599,28.07,32.72,34.12,277.27
prod_003,clothing,2022-12,7,474.95,8.96,67.85,29,286,6,227,2.9,493,1,0,1,12,2022,1.3,4646,58.77,78.74,76.28,1.1545,0.8617,0.8895,8.22,9.05,8.31,51.9
prod_003,clothing,2022-12,26,1559.74,22.26,59.99,42,150,2,622,3.1,106,0,1,1,12,2022,1.3,2219,68.97,53.84,54.97,0.8698,1.1142,1.0913,22.72,22.87,21.27,67.85
prod_004,clothing,2022-12,15,1200,18.2,80,43,337,7,235,2.9,114,0,1,0,12,2022,1.3,2682,95.87,85.67,74.56,0.8345,0.9338,1.073,17.27,19.06,19.37,78.32
prod_005,home_garden,2022-12,3,325.89,37.47,108.63,36,243,7,2527,2.8,290,1,0,1,12,2022,1.3,8080,95.72,124.63,118.42,1.1349,0.8716,0.9173,32.17,40.82,35.77,88.43
prod_005,home_garden,2022-12,7,740.11,31.57,105.73,44,552,5,1511,4.0,423,0,1,0,12,2022,1.3,14516,109.44,113.36,117.75,0.9661,0.9327,0.8979,32.22,32.59,34.07,108.63
prod_001,electronics,2023-01,50,6222.5,26.01,124.45,45,330,4,1940,2.5,272,1,0,0,1,2023,0.8,14194,112.0,127.48,118.5,1.1112,0.9762,1.0502,30.36,27.1,25.33,214.77
prod_002,electronics,2023-01,33,5965.08,39.92,180.76,33,588,6,2357,3.3,449,0,1,1,1,2023,0.8,20797,202.4,203.23,190.04,0.8931,0.8894,0.9512,33.16,36.81,36.68,300
prod_003,clothing,2023-01,2,91.24,29.77,45.62,49,474,3,534,3.7,273,1,0,0,1,2023,0.8,4667,47.28,39.46,40.32,0.9649,1.1561,1.1314,26.08,32.73,26.84,59.99
prod_003,clothing,2023-01,45,1683.9,22.18,37.42,50,186,6,143,4.8,99,0,1,1,1,2023,0.8,4175,42.8,37.6,42.55,0.8743,0.9952,0.8794,21.49,21.38,21.62,45.62
prod_004,clothing,2023-01,14,653.1,13.32,46.65,30,229,2,644,4.3,301,1,0,0,1,2023,0.8,3004,54.82,54.36,47.55,0.851,0.8582,0.9811,15.42,15.06,14.37,80
prod_004,clothing,2023-01,37,2005.4,14.71,54.2,22,299,7,512,3.0,191,0,1,1,1,2023,0.8,1477,54.24,48.3,55.44,0.9993,1.1222,0.9776,17.05,14.32,15.93,46.65
prod_005,home_garden,2023-01,34,1969.96,17.5,57.94,53,317,3,1992,5.0,346,1,0,1,1,2023,0.8,38155,56.42,56.56,56.61,1.0269,1.0244,1.0235,20.09,15.92,16.41,105.73
prod_005,home_garden,2023-01,11,618.09,10.51,56.19,49,316,3,2130,3.6,291,0,1,0,1,2023,0.8,34411,61.17,48.65,60.84,0.9186,1.155,0.9236,11.69,10.19,10.99,57.94
prod_001,electronics,2023-02,12,1719.0,13.92,143.25,54,442,2,1224,4.2,185,1,0,0,2,2023,0.75,1447,122.17,142.23,136.98,1.1725,1.0072,1.0458,11.6,13.62,14.25,124.45
prod_001,electronics,2023-02,16,2066.56,36.67,129.16,51,639,3,1635,3.7,410,0,1,0,2,2023,0.75,9105,141.48,129.27,119.98,0.9129,0.9991,1.0765,43.89,37.67,37.66,143.25
prod_002,electronics,2023-02,31,6781.25,11.21,218.75,52,202,9,1117,3.5,166,1,0,0,2,2023,0.75,7959,202.92,212.93,196.12,1.078,1.0273,1.1154,10.88,9.7,10.34,180.76
prod_002,electronics,2023-02,19,3925.97,23.17,206.63,26,150,3,494,4.2,174,0,1,1,2,2023,0.75,13911,209.77,237.02,187.46,0.985,0.8718,1.1023,20.25,26.29,22.54,218.75
prod_003,clothing,2023-02,34,1091.4,14.17,32.1,39,290,3,470,4.1,117,1,0,1,2,2023,0.75,4832,28.48,33.6,33.46,1.1271,0.9554,0.9594,11.57,16.16,15.26,37.42
prod_003,clothing,2023-02,15,584.25,7.76,38.95,29,471,5,659,5.0,113,0,1,0,2,2023,0.75,3309,35.2,33.73,38.67,1.1065,1.1548,1.0072,8.42,8.67,8.16,32.1
prod_004,clothing,2023-02,18,838.98,28.63,46.61,35,388,6,219,4.5,95,1,0,0,2,2023,0.75,4555,41.72,38.98,48.14,1.1172,1.1957,0.9682,32.0,30.29,30.01,54.2
prod_005,home_garden,2023-02,41,2524.78,16.59,61.58,47,319,4,3696,3.0,91,1,0,0,2,2023,0.75,29270,52.53,71.08,62.72,1.1723,0.8663,0.9818,16.62,17.69,15.79,56.19
prod_001,electronics,2023-03,40,5950.4,17.03,148.76,34,484,3,280,3.2,414,0,1,0,3,2023,0.85,21958,177.47,174.98,139.34,0.8382,0.8502,1.0676,14.42,17.79,17.48,129.16
prod_001,electronics,2023-03,50,6516.0,16.98,130.32,58,501,4,473,5.0,330,0,1,0,3,2023,0.85,14380,147.99,145.52,122.4,0.8806,0.8955,1.0647,20.14,15.33,18.58,148.76
prod_002,electronics,2023-03,28,5906.6,49.14,210.95,45,361,10,1354,3.1,147,0,1,0,3,2023,0.85,43040,225.81,238.15,208.16,0.9342,0.8858,1.0134,48.08,52.53,48.49,206.63
prod_003,clothing,2023-03,20,734.8,10.39,36.74,40,244,2,602,3.3,463,0,1,0,3,2023,0.85,1977,36.3,38.17,33.02,1.0121,0.9625,1.1127,8.61,9.6,11.24,38.95
prod_004,clothing,2023-03,6,335.46,16.07,55.91,48,126,7,171,4.8,77,0,1,0,3,2023,0.85,1501,49.16,48.72,58.67,1.1373,1.1476,0.953,12.94,18.32,17.54,46.61
prod_005,home_garden,2023-03,35,2299.15,26.83,65.69,37,349,6,4139,2.9,38,1,0,0,3,2023,0.85,13691,61.99,66.72,58.18,1.0597,0.9846,1.1291,21.94,27.19,24.7,61.58
prod_001,electronics,2023-04,30,4577.7,14.01,152.59,37,593,7,1542,4.7,431,1,0,0,4,2023,0.9,10399,155.97,179.55,143.53,0.9783,0.8498,1.0631,16.57,13.09,12.82,130.32
prod_001,electronics,2023-04,16,2137.6,38.22,133.6,35,638,6,1438,3.3,102,0,1,0,4,2023,0.9,5951,145.33,116.78,141.64,0.9193,1.144,0.9432,35.19,41.86,37.06,152.59
prod_002,electronics,2023-04,5,1256.45,46.88,251.29,29,477,5,908,3.5,379,1,0,0,4,2023,0.9,44982,299.47,279.75,228.81,0.8391,0.8983,1.0982,45.52,50.07,43.55,210.95
prod_003,clothing,2023-04,39,1669.59,22.91,42.81,24,434,3,523,3.5,291,1,0,0,4,2023,0.9,3231,44.39,43.31,47.17,0.9644,0.9885,0.9076,21.85,23.47,22.55,36.74
prod_004,clothing,2023-04,2,118.9,11.76,59.45,39,362,3,167,4.8,40,1,0,0,4,2023,0.9,3568,58.04,66.93,64.81,1.0243,0.8882,0.9173,10.06,11.62,12.55,55.91
prod_005,home_garden,2023-04,14,1001.56,9.97,71.54,51,193,8,1672,4.9,200,0,1,0,4,2023,0.9,27737,63.46,73.64,72.17,1.1273,0.9715,0.9913,10.34,8.95,9.27,65.69
prod_001,electronics,2023-05,11,1826.66,26.35,166.06,46,506,5,486,3.5,182,1,0,0,5,2023,0.95,25513,141.92,142.82,148.82,1.1701,1.1627,1.1158,27.85,27.17,24.63,133.6
prod_001,electronics,2023-05,36,5361.84,28.06,148.94,59,785,6,1898,3.3,126,0,1,0,5,2023,0.95,9455,134.77,174.31,152.04,1.1051,0.8545,0.9796,33.42,24.9,26.44,166.06
prod_002,electronics,2023-05,4,933.92,46.23,233.48,35,564,9,2218,2.9,421,1,0,0,5,2023,0.95,33287,220.52,200.23,228.33,1.0588,1.1661,1.0226,51.39,43.95,43.82,251.29
prod_002,electronics,2023-05,5,1221.1,44.71,244.22,42,356,3,1566,3.1,53,0,1,0,5,2023,0.95,14303,255.86,249.82,267.02,0.9545,0.9776,0.9146,36.58,42.22,48.68,233.48
prod_003,clothing,2023-05,30,1375.8,23.99,45.86,30,308,6,232,2.8,423,1,0,1,5,2023,0.95,1297,51.76,45.48,51.11,0.886,1.0084,0.8973,19.55,21.55,24.87,42.81
prod_003,clothing,2023-05,15,618.45,27.37,41.23,44,467,3,797,5.0,266,0,1,0,5,2023,0.95,1653,45.56,43.48,46.64,0.905,0.9483,0.884,25.63,29.71,26.49,45.86
prod_004,clothing,2023-05,21,1483.65,13.24,70.65,24,198,6,775,4.1,264,0,1,1,5,2023,0.95,5571,79.0,65.81,78.72,0.8943,1.0735,0.8975,14.81,14.81,13.24,59.45
prod_005,home_garden,2023-05,24,1958.16,9.55,81.59,36,422,5,1967,4.4,236,1,0,1,5,2023,0.95,33195,72.89,83.61,72.67,1.1194,0.9758,1.1227,10.92,9.27,10.23,71.54
prod_005,home_garden,2023-05,24,1881.84,17.36,78.41,42,314,8,3884,2.6,339,0,1,1,5,2023,0.95,36157,88.35,84.05,80.87,0.8875,0.9329,0.9696,14.96,15.3,16.93,81.59
prod_001,electronics,2023-06,19,3459.14,27.35,182.06,58,676,2,1515,2.7,384,0,1,0,6,2023,1.0,18534,215.89,175.31,181.5,0.8433,1.0385,1.0031,26.27,23.78,26.49,148.94
prod_001,electronics,2023-06,15,2597.1,19.72,173.14,34,681,3,278,4.1,173,0,1,0,6,2023,1.0,18861,181.6,203.55,188.56,0.9534,0.8506,0.9182,16.27,21.55,20.86,182.06
prod_002,electronics,2023-06,25,6982.25,24.92,279.29,27,295,4,2903,3.2,51,0,1,0,6,2023,1.0,13541,307.02,316.62,285.35,0.9097,0.8821,0.9788,26.61,23.12,26.57,244.22
prod_002,electronics,2023-06,18,4699.8,19.11,261.1,40,636,5,1730,4.9,233,0,1,0,6,2023,1.0,29466,254.35,279.23,257.2,1.0265,0.9351,1.0152,15.36,20.73,19.48,279.29
prod_003,clothing,2023-06,32,1443.84,6.48,45.12,35,262,2,569,4.5,355,1,0,0,6,2023,1.0,1708,46.57,37.06,45.19,0.9689,1.2175,0.9985,7.34,5.75,6.41,41.23
prod_004,clothing,2023-06,31,2255.56,27.94,72.76,28,298,3,765,4.9,357,1,0,0,6,2023,1.0,3692,62.21,80.98,64.35,1.1696,0.8985,1.1307,32.37,27.96,30.0,70.65
prod_004,clothing,2023-06,26,1655.68,15.87,63.68,35,387,4,998,2.8,100,0,1,0,6,2023,1.0,5043,64.35,60.77,65.54,0.9896,1.0479,0.9716,13.73,15.56,15.19,72.76
prod_005,home_garden,2023-06,3,222.06,34.13,74.02,48,188,7,1350,4.8,63,1,0,0,6,2023,1.0,8874,82.39,85.4,67.13,0.8984,0.8667,1.1026,33.37,34.96,30.94,78.41
prod_001,electronics,2023-07,16,2610.08,40.17,163.13,60,675,5,454,4.8,340,1,0,0,7,2023,1.05,12488,139.09,155.77,153.42,1.1728,1.0472,1.0633,36.69,44.74,38.28,173.14
prod_001,electronics,2023-07,13,2346.37,9.67,180.49,30,226,3,1049,4.5,440,0,1,0,7,2023,1.05,2070,205.22,186.98,175.16,0.8795,0.9653,1.0304,11.45,11.1,9.17,163.13
prod_002,electronics,2023-07,20,5527.0,18.05,276.35,48,327,9,2906,4.8,274,0,1,1,7,2023,1.05,27586,303.57,239.18,252.02,0.9103,1.1554,1.0965,18.61,17.47,19.0,261.1
prod_003,clothing,2023-07,6,312.6,17.33,52.1,20,416,6,743,4.8,50,1,0,1,7,2023,1.05,1753,57.67,61.17,54.77,0.9034,0.8517,0.9513,19.25,15.7,17.86,45.12
prod_003,clothing,2023-07,28,1560.16,26.09,55.72,28,142,3,775,4.1,336,0,1,0,7,2023,1.05,923,64.27,47.92,62.98,0.867,1.1628,0.8847,22.15,23.29,24.85,52.1
prod_004,clothing,2023-07,7,516.95,20.29,73.85,24,369,7,172,2.7,361,1,0,0,7,2023,1.05,3989,79.15,72.54,68.2,0.933,1.0181,1.0828,18.66,22.75,20.94,63.68
prod_005,home_garden,2023-07,36,2842.92,7.11,78.97,31,278,7,4774,2.6,21,1,0,0,7,2023,1.05,19678,73.1,75.13,88.65,1.0803,1.0511,0.8908,5.77,6.34,6.52,74.02
prod_005,home_garden,2023-07,15,1290.15,34.41,86.01,48,330,6,3355,4.4,263,0,1,0,7,2023,1.05,39142,101.6,99.09,81.5,0.8466,0.868,1.0553,30.25,37.98,35.91,78.97
prod_001,electronics,2023-08,15,2416.65,43.47,161.11,58,656,5,1199,4.0,149,1,0,0,8,2023,1.0,15203,172.07,167.33,160.45,0.9363,0.9628,1.0041,44.64,41.83,44.62,180.49
prod_002,electronics,2023-08,22,4845.72,35.89,220.26,36,557,3,2942,2.8,424,1,0,0,8,2023,1.0,36766,248.19,208.98,198.15,0.8875,1.054,1.1116,38.14,34.51,37.9,276.35
prod_002,electronics,2023-08,23,5639.14,20.65,245.18,53,388,4,2624,3.5,318,0,1,0,8,2023,1.0,23073,226.61,220.24,252.89,1.0819,1.1132,0.9695,22.44,23.41,21.92,220.26
prod_003,clothing,2023-08,20,972.4,11.14,48.62,35,123,4,150,3.6,73,1,0,0,8,2023,1.0,4546,51.56,50.22,45.89,0.943,0.9681,1.0595,9.01,9.53,11.77,55.72
prod_005,home_garden,2023-08,33,2642.97,32.72,80.09,48,188,3,820,3.7,434,1,0,0,8,2023,1.0,25111,88.35,73.59,86.78,0.9065,1.0883,0.9229,31.42,33.27,31.5,86.01
prod_005,home_garden,2023-08,36,2549.16,20.13,70.81,47,232,3,1494,3.1,432,0,1,0,8,2023,1.0,27504,60.45,60.74,68.49,1.1714,1.1658,1.0339,21.64,19.74,18.8,80.09
prod_001,electronics,2023-09,1,181.14,19.43,181.14,33,249,4,1807,2.7,178,1,0,0,9,2023,0.9,2411,178.03,194.1,204.64,1.0175,0.9332,0.8852,20.08,17.21,18.73,161.11
prod_002,electronics,2023-09,8,1934.08,34.09,241.76,40,651,7,1285,3.3,384,1,0,1,9,2023,0.9,39872,270.33,260.16,235.79,0.8943,0.9293,1.0253,38.67,31.46,35.09,245.18
prod_003,clothing,2023-09,18,771.3,17.44,42.85,35,153,4,494,3.0,312,1,0,0,9,2023,0.9,2039,41.12,49.71,45.91,1.0421,0.862,0.9333,18.52,19.26,16.06,48.62
prod_003,clothing,2023-09,29,1405.34,27.77,48.46,44,304,3,625,2.7,226,0,1,1,9,2023,0.9,2163,46.4,54.91,51.13,1.0444,0.8825,0.9478,23.85,30.9,29.13,42.85
prod_004,clothing,2023-09,30,2024.7,16.1,67.49,24,301,5,271,3.0,213,1,0,0,9,2023,0.9,5108,58.62,61.96,61.17,1.1513,1.0893,1.1033,17.06,17.22,15.85,73.85
prod_004,clothing,2023-09,43,2371.88,21.88,55.16,25,145,7,681,3.1,66,0,1,1,9,2023,0.9,4151,47.91,45.94,52.51,1.1513,1.2007,1.0505,18.08,19.26,20.68,67.49
prod_005,home_garden,2023-09,22,1714.9,20.71,77.95,39,506,5,1901,4.3,157,1,0,1,9,2023,0.9,16341,79.99,83.58,78.63,0.9745,0.9326,0.9914,19.1,23.24,19.63,70.81
prod_001,electronics,2023-10,3,495.93,33.46,165.31,30,381,4,1076,4.7,97,1,0,0,10,2023,0.95,11946,189.87,170.9,188.75,0.8706,0.9673,0.8758,34.57,33.34,31.77,181.14
prod_001,electronics,2023-10,17,2831.18,39.78,166.54,35,350,8,1275,2.7,165,0,1,0,10,2023,0.95,17487,188.42,156.69,168.62,0.8839,1.0629,0.9877,37.41,40.33,41.08,165.31
prod_002,electronics,2023-10,39,8921.25,43.93,228.75,28,426,3,2740,2.9,220,1,0,0,10,2023,0.95,33742,247.23,199.24,232.05,0.9253,1.1481,0.9858,39.44,47.11,48.09,241.76
prod_003,clothing,2023-10,17,903.21,28.53,53.13,48,330,6,795,2.9,476,1,0,0,10,2023,0.95,4963,61.67,51.05,52.74,0.8615,1.0407,1.0074,34.17,26.9,25.91,48.46
prod_003,clothing,2023-10,35,1573.6,25.61,44.96,29,156,2,680,3.7,360,0,1,0,10,2023,0.95,3342,40.53,47.89,45.92,1.1093,0.9388,0.9791,23.46,26.06,23.88,53.13
prod_004,clothing,2023-10,12,724.92,7.9,60.41,35,300,7,463,4.6,35,0,1,0,10,2023,0.95,641,58.75,55.7,67.17,1.0283,1.0846,0.8994,8.42,8.54,7.35,55.16
prod_004,clothing,2023-10,26,1602.9,17.85,61.65,29,136,5,232,4.8,137,0,1,0,10,2023,0.95,2982,69.92,64.69,61.29,0.8817,0.953,1.0059,21.18,15.7,17.0,60.41
prod_005,home_garden,2023-10,10,722.1,25.41,72.21,32,393,7,2134,3.0,166,0,1,0,10,2023,0.95,19385,75.7,75.55,74.19,0.9539,0.9558,0.9733,24.15,28.28,25.09,77.95
prod_001,electronics,2023-11,21,4527.39,25.11,215.59,60,620,5,1155,2.6,296,0,1,0,11,2023,1.15,14779,189.92,187.69,242.51,1.1352,1.1486,0.889,27.99,25.72,24.47,166.54
prod_002,electronics,2023-11,11,3300,32.65,300,50,680,10,324,4.6,53,0,1,0,11,2023,1.15,32330,323.24,282.02,271.89,0.9281,1.0638,1.1034,29.91,32.47,31.55,228.75
prod_003,clothing,2023-11,13,752.18,19.76,57.86,24,214,3,675,3.3,169,1,0,0,11,2023,1.15,4557,65.5,60.44,54.05,0.8834,0.9573,1.0705,16.34,17.7,21.26,44.96
prod_004,clothing,2023-11,23,1840,8.56,80,34,367,3,274,4.6,440,1,0,1,11,2023,1.15,3056,85.16,78.25,84.62,0.9394,1.0224,0.9454,7.27,7.65,7.74,61.65
prod_004,clothing,2023-11,26,2005.12,27.48,77.12,37,365,4,709,3.2,61,0,1,0,11,2023,1.15,2241,78.86,81.78,76.01,0.9779,0.943,1.0146,29.65,24.24,27.02,80
prod_001,electronics,2023-12,21,4897.2,12.68,233.2,44,669,4,926,2.5,91,1,0,0,12,2023,1.3,5564,239.29,220.51,249.68,0.9745,1.0575,0.934,12.13,11.02,13.08,215.59
prod_002,electronics,2023-12,10,3000,51.75,300,54,553,4,2996,4.8,340,1,0,0,12,2023,1.3,21852,318.61,265.48,321.39,0.9416,1.13,0.9334,51.89,54.22,49.26,300
prod_003,clothing,2023-12,4,228.04,7.58,57.01,23,440,2,262,3.7,357,1,0,0,12,2023,1.3,2398,68.04,63.34,61.45,0.8379,0.9001,0.9277,6.78,8.49,7.09,57.86
prod_004,clothing,2023-12,10,800,8.05,80,36,311,6,917,4.1,25,1,0,1,12,2023,1.3,1197,87.56,76.48,91.76,0.9137,1.046,0.8718,8.29,7.32,7.65,77.12
prod_005,home_garden,2023-12,15,1646.4,10.41,109.76,34,197,4,698,4.7,194,1,0,0,12,2023,1.3,9304,126.51,103.47,116.81,0.8676,1.0608,0.9396,12.32,11.12,10.47,72.21
prod_005,home_garden,2023-12,29,3072.84,18.42,105.96,42,398,8,1629,3.4,46,0,1,0,12,2023,1.3,7401,94.78,106.62,96.13,1.118,0.9938,1.1023,18.41,15.94,18.57,109.76
prod_001,electronics,2024-01,25,3548.25,10.87,141.93,60,494,2,1984,3.8,133,1,0,0,1,2024,0.8,6172,145.48,136.78,127.07,0.9756,1.0377,1.1169,11.73,9.6,10.81,233.2
prod_001,electronics,2024-01,29,3960.82,22.6,136.58,58,260,3,610,3.0,428,0,1,0,1,2024,0.8,11962,160.27,144.61,152.58,0.8522,0.9445,0.8951,20.21,19.7,24.62,141.93
prod_002,electronics,2024-01,29,7097.46,37.72,244.74,53,640,5,2808,3.2,31,0,1,0,1,2024,0.8,7281,227.32,231.55,246.93,1.0766,1.057,0.9911,41.97,41.98,35.67,300
prod_004,clothing,2024-01,5,256.95,20.17,51.39,46,313,7,203,2.8,369,1,0,1,1,2024,0.8,3771,51.56,58.74,58.86,0.9967,0.8749,0.8731,19.1,18.32,19.91,80
prod_004,clothing,2024-01,24,1329.12,16.93,55.38,40,143,2,920,4.7,137,0,1,0,1,2024,0.8,4992,48.56,47.94,51.43,1.1404,1.1552,1.0768,13.84,16.17,17.46,51.39
prod_005,home_garden,2024-01,10,612.5,8.53,61.25,43,541,8,4953,4.5,469,1,0,1,1,2024,0.8,16491,67.35,70.98,66.8,0.9094,0.8629,0.9169,7.82,8.92,8.58,105.96
prod_001,electronics,2024-02,38,5663.14,18.49,149.03,56,733,3,616,3.3,293,0,1,1,2,2024,0.75,5493,169.26,129.82,170.5,0.8805,1.148,0.8741,19.96,19.32,18.32,136.58
prod_002,electronics,2024-02,14,2597.14,11.94,185.51,40,169,9,2797,3.5,32,0,1,1,2,2024,0.75,27161,200.53,187.68,196.33,0.9251,0.9884,0.9449,9.7,12.88,12.98,244.74
prod_002,electronics,2024-02,21,3958.08,41.19,188.48,49,178,8,2720,4.3,328,0,1,0,2,2024,0.75,16191,188.41,204.03,203.29,1.0004,0.9238,0.9271,33.89,36.36,40.27,185.51
prod_003,clothing,2024-02,39,1624.35,12.33,41.65,43,221,3,490,4.8,153,1,0,0,2,2024,0.75,4328,36.65,37.9,42.76,1.1364,1.0989,0.974,11.53,11.94,12.61,57.01
prod_004,clothing,2024-02,9,480.42,14.11,53.38,48,255,3,826,3.6,18,1,0,0,2,2024,0.75,3229,63.42,53.0,59.14,0.8417,1.0072,0.9026,12.52,12.24,15.35,55.38
prod_005,home_garden,2024-02,25,1565.5,13.38,62.62,35,502,4,4554,2.9,326,1,0,1,2,2024,0.75,11337,67.57,55.5,63.67,0.9267,1.1283,0.9835,13.06,12.65,13.52,61.25
prod_001,electronics,2024-03,27,3980.34,27.46,147.42,37,558,2,291,2.7,237,0,1,0,3,2024,0.85,20679,129.3,131.71,152.43,1.1401,1.1193,0.9671,31.08,28.95,25.11,149.03
prod_002,electronics,2024-03,32,6418.24,45.96,200.57,55,451,3,1834,2.9,32,0,1,0,3,2024,0.85,32846,181.02,207.16,182.25,1.108,0.9682,1.1005,40.66,43.38,47.94,188.48
prod_002,electronics,2024-03,13,2844.4,26.34,218.8,46,303,9,2686,4.4,342,0,1,0,3,2024,0.85,4136,191.99,185.51,247.81,1.1396,1.1795,0.8829,23.44,26.37,26.73,200.57
prod_003,clothing,2024-03,4,184.24,21.09,46.06,36,325,4,775,3.2,438,1,0,0,3,2024,0.85,4796,53.84,43.22,50.47,0.8555,1.0657,0.9126,25.12,19.39,20.31,41.65
prod_004,clothing,2024-03,8,502.0,15.82,62.75,33,367,6,667,3.1,412,1,0,0,3,2024,0.85,1226,65.84,70.13,57.34,0.9531,0.8948,1.0943,16.06,17.13,15.53,53.38
prod_005,home_garden,2024-03,13,867.75,17.57,66.75,46,433,8,4637,4.7,111,1,0,0,3,2024,0.85,12725,77.21,55.11,60.92,0.8645,1.2112,1.0957,15.91,17.86,19.08,62.62
prod_005,home_garden,2024-03,33,2271.39,7.36,68.83,32,443,7,1867,4.8,472,0,1,0,3,2024,0.85,7785,68.68,59.6,73.52,1.0022,1.1549,0.9362,6.6,6.9,7.12,66.75
prod_001,electronics,2024-04,10,1692.6,36.51,169.26,59,618,7,926,3.6,437,1,0,0,4,2024,0.9,15709,188.76,181.45,182.47,0.8967,0.9328,0.9276,39.78,37.49,38.85,147.42
prod_002,electronics,2024-04,34,6908.12,25.38,203.18,41,436,4,2096,3.1,262,1,0,0,4,2024,0.9,13581,212.82,232.24,210.61,0.9547,0.8749,0.9647,28.87,24.82,24.48,218.8
prod_002,electronics,2024-04,18,4141.44,29.27,230.08,53,471,4,1439,3.4,94,0,1,0,4,2024,0.9,39692,205.11,211.35,229.74,1.1217,1.0886,1.0015,33.78,27.41,31.72,203.18
prod_003,clothing,2024-04,16,722.4,19.67,45.15,20,406,2,620,4.9,286,1,0,0,4,2024,0.9,1883,41.46,44.96,49.76,1.089,1.0042,0.9074,18.64,18.38,21.43,46.06
prod_004,clothing,2024-04,16,816.16,17.43,51.01,30,164,3,592,5.0,384,1,0,0,4,2024,0.9,4640,60.65,56.59,55.14,0.8411,0.9014,0.9251,15.49,15.2,16.23,62.75
prod_004,clothing,2024-04,11,592.57,24.29,53.87,35,171,7,472,4.5,172,0,1,0,4,2024,0.9,914,49.38,55.0,59.59,1.0909,0.9795,0.904,25.52,27.56,24.91,51.01
prod_005,home_garden,2024-04,35,2538.55,10.94,72.53,37,247,4,2032,4.1,55,1,0,0,4,2024,0.9,35553,83.41,79.04,63.89,0.8696,0.9176,1.1352,9.05,11.13,10.3,68.83
prod_001,electronics,2024-05,29,4346.52,25.69,149.88,58,507,8,1545,3.1,159,1,0,0,5,2024,0.95,6900,160.45,155.16,153.89,0.9341,0.966,0.9739,23.59,23.52,28.07,169.26
prod_001,electronics,2024-05,27,4418.28,20.92,163.64,33,380,5,1556,4.9,348,0,1,1,5,2024,0.95,14921,179.01,175.71,178.19,0.9141,0.9313,0.9183,20.78,22.83,20.87,149.88
prod_002,electronics,2024-05,34,6741.18,12.38,198.27,46,475,9,1623,3.5,236,1,0,1,5,2024,0.95,19144,172.32,197.24,186.2,1.1506,1.0052,1.0648,13.05,10.69,12.25,230.08
prod_002,electronics,2024-05,7,1785.21,54.51,255.03,35,282,3,2812,4.9,20,0,1,0,5,2024,0.95,42026,224.83,273.83,287.24,1.1343,0.9313,0.8879,60.33,55.37,56.2,198.27
prod_003,clothing,2024-05,19,976.6,13.58,51.4,30,311,3,265,3.9,137,1,0,1,5,2024,0.95,3562,44.05,59.55,46.65,1.1669,0.8631,1.1018,13.03,13.52,12.65,45.15
prod_003,clothing,2024-05,23,1140.34,7.08,49.58,40,305,3,226,4.5,458,0,1,1,5,2024,0.95,3595,43.62,41.97,53.3,1.1366,1.1813,0.9302,7.82,6.9,6.39,51.4
prod_004,clothing,2024-05,10,641.6,28.57,64.16,35,382,7,469,2.6,150,1,0,1,5,2024,0.95,3251,76.3,65.92,62.98,0.8409,0.9733,1.0187,27.76,26.19,28.03,53.87
prod_004,clothing,2024-05,39,2466.36,13.02,63.24,45,321,4,167,4.4,375,0,1,1,5,2024,0.95,4671,58.71,74.06,62.44,1.0772,0.8539,1.0128,11.62,12.51,13.18,64.16
prod_005,home_garden,2024-05,13,1020.37,12.75,78.49,30,252,6,4512,4.0,252,1,0,0,5,2024,0.95,19381,87.61,66.03,79.53,0.8959,1.1887,0.9869,12.3,13.67,13.6,72.53
prod_001,electronics,2024-06,13,2320.11,38.04,178.47,47,711,4,1827,4.9,130,1,0,0,6,2024,1.0,17014,195.98,179.4,198.43,0.9107,0.9948,0.8994,45.54,33.26,35.04,163.64
prod_002,electronics,2024-06,16,4292.48,20.95,268.28,53,584,10,765,2.9,421,1,0,0,6,2024,1.0,4559,241.17,304.42,266.38,1.1124,0.8813,1.0071,16.84,18.55,23.03,255.03
prod_003,clothing,2024-06,19,902.88,9.69,47.52,45,414,4,635,3.8,138,1,0,0,6,2024,1.0,2174,43.89,44.61,51.4,1.0827,1.0652,0.9245,11.61,10.93,9.04,49.58
prod_003,clothing,2024-06,15,716.4,9.92,47.76,29,459,3,168,3.0,58,0,1,0,6,2024,1.0,545,49.58,44.85,42.82,0.9633,1.0649,1.1154,9.8,8.9,9.62,47.52
prod_004,clothing,2024-06,25,1808.5,22.73,72.34,41,326,4,463,3.9,338,1,0,0,6,2024,1.0,3608,63.45,63.29,77.93,1.1401,1.143,0.9283,20.73,21.11,20.92,63.24
prod_005,home_garden,2024-06,25,1862.5,33.4,74.5,33,181,4,4378,5.0,56,1,0,0,6,2024,1.0,16717,79.36,64.93,75.12,0.9388,1.1474,0.9917,26.72,29.17,36.54,78.49
prod_001,electronics,2024-07,11,1843.05,18.04,167.55,54,594,7,1005,3.7,169,1,0,1,7,2024,1.05,13363,147.0,173.91,157.12,1.1398,0.9634,1.0664,15.63,18.76,17.24,178.47
prod_002,electronics,2024-07,8,2063.44,37.0,257.93,36,332,3,2083,4.7,447,1,0,0,7,2024,1.05,44735,285.01,231.35,265.96,0.905,1.1149,0.9698,44.37,41.88,36.13,268.28
prod_003,clothing,2024-07,5,244.7,20.82,48.94,49,288,4,436,3.8,16,1,0,1,7,2024,1.05,1270,46.31,48.57,43.65,1.0568,1.0076,1.1212,22.45,19.28,21.34,47.76
prod_003,clothing,2024-07,21,1211.49,32.14,57.69,35,188,5,747,4.4,341,0,1,0,7,2024,1.05,4223,65.34,48.1,51.22,0.8829,1.1994,1.1263,37.21,28.8,33.66,48.94
prod_004,clothing,2024-07,5,364.65,15.4,72.93,28,434,7,707,2.5,438,1,0,0,7,2024,1.05,2873,84.91,64.25,83.6,0.8589,1.1351,0.8724,16.77,14.78,13.9,72.34
prod_005,home_garden,2024-07,30,2635.8,11.44,87.86,33,407,3,2684,3.2,111,1,0,0,7,2024,1.05,8502,94.22,98.68,99.64,0.9325,0.8904,0.8818,10.58,11.65,10.57,74.5
prod_001,electronics,2024-08,7,1234.24,16.28,176.32,40,220,8,376,2.9,15,0,1,0,8,2024,1.0,7083,172.98,149.74,189.64,1.0193,1.1775,0.9298,14.63,17.93,16.74,167.55
prod_001,electronics,2024-08,15,2689.65,21.26,179.31,39,382,4,976,2.9,171,0,1,0,8,2024,1.0,24131,178.39,200.95,171.0,1.0052,0.8923,1.0486,18.7,24.32,20.24,176.32
prod_002,electronics,2024-08,40,9128.0,29.96,228.2,51,324,3,2884,4.9,309,1,0,0,8,2024,1.0,47025,236.94,204.43,244.08,0.9631,1.1163,0.9349,28.13,32.75,31.74,257.93
prod_003,clothing,2024-08,3,164.43,19.45,54.81,26,339,4,315,2.6,69,1,0,0,8,2024,1.0,2615,58.7,54.32,55.15,0.9337,1.009,0.9938,18.07,19.82,20.07,57.69
prod_004,clothing,2024-08,19,1158.24,17.52,60.96,42,171,3,492,4.8,166,0,1,0,8,2024,1.0,3358,63.48,66.49,60.87,0.9603,0.9168,1.0015,18.34,18.01,18.2,72.93
prod_004,clothing,2024-08,26,1673.62,22.5,64.37,31,140,3,644,4.4,471,0,1,0,8,2024,1.0,3886,75.6,55.28,64.05,0.8515,1.1644,1.005,20.42,23.02,22.92,60.96
prod_005,home_garden,2024-08,34,2437.8,12.18,71.7,49,350,3,1643,4.9,168,1,0,0,8,2024,1.0,11512,64.49,67.73,70.76,1.1118,1.0586,1.0133,11.99,12.76,11.45,87.86
prod_001,electronics,2024-09,15,2432.4,14.64,162.16,54,583,2,1337,3.7,186,0,1,0,9,2024,0.9,28710,160.2,145.38,163.38,1.0122,1.1154,0.9925,13.92,14.48,13.89,179.31
prod_001,electronics,2024-09,15,2185.5,22.47,145.7,56,634,6,869,3.5,46,0,1,1,9,2024,0.9,10279,158.01,170.36,129.27,0.9221,0.8552,1.1271,25.94,20.3,21.28,162.16
prod_002,electronics,2024-09,7,1476.58,36.8,210.94,31,195,6,865,3.3,57,1,0,0,9,2024,0.9,34764,210.73,194.61,207.66,1.001,1.0839,1.0158,41.53,31.66,40.17,228.2
prod_002,electronics,2024-09,13,3118.18,31.45,239.86,46,253,9,638,4.5,16,0,1,1,9,2024,0.9,24694,214.69,240.46,255.52,1.1172,0.9975,0.9387,25.31,32.9,32.52,210.94
prod_003,clothing,2024-09,30,1382.4,18.51,46.08,47,373,4,584,2.8,101,1,0,0,9,2024,0.9,3244,45.35,48.98,42.42,1.0161,0.9408,1.0863,17.3,20.92,18.84,54.81
prod_004,clothing,2024-09,23,1381.61,7.54,60.07,33,145,6,651,4.2,139,1,0,0,9,2024,0.9,4370,67.18,49.77,57.2,0.8942,1.207,1.0502,6.92,7.35,7.46,64.37
prod_001,electronics,2024-10,15,2244.75,11.68,149.65,53,348,7,393,3.7,467,0,1,0,10,2024,0.95,5130,178.11,159.83,141.56,0.8402,0.9363,1.0571,13.2,12.85,12.22,145.7
prod_002,electronics,2024-10,11,2538.47,27.22,230.77,54,459,9,622,3.5,104,1,0,0,10,2024,0.95,24136,216.9,243.47,258.09,1.0639,0.9478,0.8941,30.89,26.68,25.13,239.86
prod_002,electronics,2024-10,36,8537.04,34.5,237.14,50,200,8,1298,3.9,120,0,1,0,10,2024,0.95,47498,264.71,231.76,256.5,0.8958,1.0232,0.9245,38.34,32.19,35.68,230.77
prod_003,clothing,2024-10,8,385.36,25.61,48.17,28,236,5,772,4.0,335,1,0,0,10,2024,0.95,1563,44.68,39.81,46.61,1.0781,1.21,1.0335,21.14,23.98,26.7,46.08
prod_004,clothing,2024-10,41,2563.73,6.89,62.53,33,347,3,498,3.7,390,1,0,0,10,2024,0.95,3218,64.8,55.1,61.61,0.965,1.1348,1.0149,6.62,7.22,6.99,60.07
prod_005,home_garden,2024-10,33,2789.82,17.62,84.54,42,525,6,2890,2.6,329,1,0,0,10,2024,0.95,23665,90.33,86.51,83.88,0.9359,0.9772,1.0079,19.49,18.95,16.86,71.7
prod_001,electronics,2024-11,9,1635.57,13.25,181.73,33,784,4,647,2.9,91,1,0,0,11,2024,1.15,7924,216.73,185.01,177.2,0.8385,0.9823,1.0256,11.75,14.84,12.66,149.65
prod_002,electronics,2024-11,16,4412.64,35.79,275.79,32,563,10,2481,4.4,156,1,0,0,11,2024,1.15,27701,323.6,243.78,264.17,0.8523,1.1313,1.044,36.26,34.01,35.53,237.14
prod_003,clothing,2024-11,20,1033.8,11.05,51.69,24,412,6,129,3.8,51,1,0,0,11,2024,1.15,2336,61.04,48.43,48.98,0.8468,1.0673,1.0553,11.36,10.96,10.15,48.17
prod_004,clothing,2024-11,10,741.4,30.16,74.14,33,242,3,315,3.7,374,1,0,1,11,2024,1.15,4350,70.62,84.67,69.39,1.0498,0.8756,1.0685,29.69,27.85,30.78,62.53
prod_005,home_garden,2024-11,20,1764.2,32.34,88.21,42,549,3,1804,2.5,26,1,0,0,11,2024,1.15,19047,91.03,87.26,86.8,0.969,1.0109,1.0162,36.0,36.78,34.82,84.54
prod_001,electronics,2024-12,19,4757.6,32.92,250.4,39,607,8,1686,4.6,403,0,1,1,12,2024,1.3,2959,294.12,262.05,250.1,0.8514,0.9555,1.0012,36.7,29.01,35.21,181.73
prod_002,electronics,2024-12,16,4800,19.6,300,31,420,4,1295,3.3,365,0,1,0,12,2024,1.3,33627,306.62,272.43,285.06,0.9784,1.1012,1.0524,18.0,19.27,20.73,275.79
prod_003,clothing,2024-12,13,869.7,7.36,66.9,42,249,4,479,4.9,91,1,0,1,12,2024,1.3,3471,73.56,71.07,61.66,0.9095,0.9413,1.085,8.26,6.54,7.52,51.69
prod_004,clothing,2024-12,7,560,23.36,80,45,380,7,415,4.7,274,1,0,0,12,2024,1.3,3583,72.77,75.51,73.77,1.0994,1.0595,1.0845,26.65,22.06,22.77,74.14
prod_004,clothing,2024-12,28,2240,20.5,80,22,153,4,645,3.1,115,0,1,1,12,2024,1.3,3711,75.79,88.01,87.45,1.0555,0.909,0.9148,21.73,19.62,20.33,80
prod_005,home_garden,2024-12,19,2127.05,35.82,111.95,49,196,6,2159,4.1,497,1,0,1,12,2024,1.3,26826,116.84,113.35,120.92,0.9581,0.9876,0.9258,41.16,40.88,32.64,88.21
